label,tag,contract
smartbugs_results,529: time_manipulation; 563: time_manipulation;,0xd4616cbb5c26d39c858b9a963efa66d83747b244
smartbugs_results,122: arithmetic; 132: arithmetic; 134: arithmetic; 137: arithmetic; 139: arithmetic;,0x4fd997ed7c10dbd04e95d3730cd77d79513076f2
smartbugs_results,202: time_manipulation;,0x0532dd9ecb00c424c72335df4f60c11c03229ec0
smartbugs_results,41: arithmetic; 42: arithmetic;,0xdd26a77e7901221d5c407bc329ed5c20cfaee766
smartbugs_results,26: unchecked_low_calls; 26: reentrancy;,0x641074844a0dd00042347161f830346bdfe348bc
smartbugs_results,729: reentrancy; 586: unchecked_low_calls;,0x8ebe51a2363fa375d6f5163ec7bbac4a86264aa8
smartbugs_results,320: access_control;,0xeb897ad24189a911cad00c071fc7182f5753a3d3
smartbugs_results,47: arithmetic; 214: time_manipulation;,0xb2069ca2122e652c0f6ed4d408c915bc103e24b8
smartbugs_results,180: arithmetic; 258: time_manipulation;,0xa577db7575a197ea811a31bb7600fc47d3a44df7
smartbugs_results,435: arithmetic;,0xed5a90efa30637606ddaf4f4b3d42bb49d79bd4e
smartbugs_results,30: arithmetic; 31: arithmetic; 38: arithmetic; 39: arithmetic;,0x7a3aa244cb5520cd40876c604953c269044f6599
smartbugs_results,37: arithmetic; 38: arithmetic; 65: arithmetic; 66: arithmetic; 74: arithmetic; 75: arithmetic; 83: arithmetic; 84: arithmetic;,0xea5478ed353bed393e07557d19e6c32723b4374e
smartbugs_results,52: arithmetic; 62: arithmetic;,0xaa338c62af453c9a83ecb8436a06b887174664a8
smartbugs_results,209: arithmetic; 210: arithmetic;,0xadf9cde5c929aca0d94a3c90ee31b2a10ba2d35e
smartbugs_results,52: arithmetic; 62: arithmetic;,0x947b9130d7ac72f221f9dc223297a4ca747bc80f
smartbugs_results,40: arithmetic; 50: arithmetic;,0xdbb5417b8b0a01e039a12e43d3650f46635cda97
smartbugs_results,429: reentrancy;,0x71a42fd60323204912468cd32a8283ed5d45a28f
smartbugs_results,127: arithmetic;,0x7db5e506a6d24a1557682467104e30758aa93b96
smartbugs_results,310: reentrancy;,0xefc6d9d05d41134b1f44b379e319079ef2855edb
smartbugs_results,184: time_manipulation;,0x36490a555a0019ea8457401584de111213ebd31a
smartbugs_results,7: access_control;,0x484897c3292ba2a600919e9cbde64bcf586fe29c
smartbugs_results,38: time_manipulation;,0x2634baad203cba4aa4114c132b2e50a3a6027ff9
smartbugs_results,62: arithmetic; 52: arithmetic;,0x86e0ab48726837b7f7cf2b22f494e865c651adcb
smartbugs_results,97: time_manipulation;,0xc079b330f82c597ac8e871a707e7bda95c883a37
smartbugs_results,135: reentrancy;,0x56f82d0a1001e2b78c39289e02c3c2481cdbe93f
smartbugs_results,97: time_manipulation;,0xcb6d1378aa283dfe4ed7c67242fef1c79338a507
smartbugs_results,93: time_manipulation; 156: reentrancy;,0xe5ed4bd856790dde4de0dd411afcd0221256fd08
smartbugs_results,33: reentrancy; 387: reentrancy;,0x2d1ea57f68e430da2e693db0c6a3887a705aed69
smartbugs_results,73: arithmetic;,0xfc642a41d55f83214278a29caa651fd7e1ccd9ac
smartbugs_results,129: arithmetic;,0xc496e53c33152aad8bbd6a140388d28732a3039a
smartbugs_results,97: time_manipulation; 103: reentrancy;,0x2a86c0b511a32311e90c9b15c035a611a788c587
smartbugs_results,241: arithmetic;,0xcb65fcd12896d7bfd486e2695396050478fafd3a
smartbugs_results,1312: time_manipulation; 1350: arithmetic; 1355: arithmetic; 1359: arithmetic;,0x59c36e47c4490efb7a48d5ec4c68ea8a725c1c56
smartbugs_results,91: time_manipulation; 97: time_manipulation;,0xe7b51de1f0bd5cd784fdd471ed4a79a7822a5a74
smartbugs_results,409: reentrancy;,0x20a2a8a6b99692616d29c3a10930b39843c3f48c
smartbugs_results,48: unchecked_low_calls;,0x0ceb4a203206a67f88678cdbdd33c5c0ef81cf99
smartbugs_results,48: arithmetic;,0x9dc8ade74b030afd8b1dbfa821967703153e1703
smartbugs_results,97: time_manipulation;,0x092ca63ab5f64b384d4d4328387eb291dced073d
smartbugs_results,356: arithmetic;,0x9d1da8d08a10286402e289a8b5e9f865f2d14d2a
smartbugs_results,24: arithmetic; 50: arithmetic;,0x205969440ffcf5493df62a974ad8a30ec96527ea
smartbugs_results,149: time_manipulation; 238: time_manipulation; 229: time_manipulation; 170: time_manipulation;,0xe3fa177acecfb86721cf6f9f4206bd3bd672d7d5
smartbugs_results,60: arithmetic;,0x745041c3a8919e74a129975e78918b68a68b49cf
smartbugs_results,223: reentrancy;,0xd621c53cb24dfb0a8e6d06011c38edf32d49f687
smartbugs_results,97: time_manipulation;,0xe7c566ac36ea47476434aa22ae7fc3264a79a10b
smartbugs_results,97: time_manipulation;,0xf665ebcae51c0d9b9a9f1878a21e88a611318f48
smartbugs_results,28: arithmetic; 75: arithmetic;,0xe5f7379718cf3e84385c09f3927237874ec0b4bc
smartbugs_results,39: access_control; 45: time_manipulation; 284: unchecked_low_calls; 313: arithmetic; 314: arithmetic; 315: arithmetic;,0x7a2ed6b8566e0a0a1342ffc56dc952cbe329a12b
smartbugs_results,64: time_manipulation; 18: arithmetic;,0x043a0f6f167c81d6bc22066c0525fe88a2da3c5a
smartbugs_results,97: time_manipulation;,0x10d152ced5d9fcf0e072e8b5c04dc2d8580b53f9
smartbugs_results,82: arithmetic;,0xc7df14a8289efe7a2d3399387302fdf86e7adc4e
smartbugs_results,154: arithmetic;,0x9fc54a05f1870e61e00bb6d05f71b614e4e1a68a
smartbugs_results,24: arithmetic;,0xe3866acd17205eed317dc0fc05d9e3dc692f5089
smartbugs_results,28: arithmetic; 027: time_manipulation;,0xd45b6c680fe0f8b0410d7924d9b74663c0b2b00c
smartbugs_results,166: arithmetic; 168: time_manipulation; 171: time_manipulation; 169: arithmetic; 72: arithmetic;,0x65302d3a313cf7b0bc7badbf0b9b07a4f176ed10
smartbugs_results,403: time_manipulation; 404: time_manipulation; 405: time_manipulation;,0x1389d3485a6d440f23855e538e3656230cf25d0f
smartbugs_results,415: reentrancy; 455: time_manipulation;,0xe80d11c3be89ae67eb1f57f6240ad4523e8308b5
smartbugs_results,97: arithmetic; 115: arithmetic; 114: arithmetic; 113: arithmetic;,0x663aa8fa46e4ed867a3a8945422031ec2482ce13
smartbugs_results,161: time_manipulation; 155: arithmetic; 334: time_manipulation; 466: time_manipulation; 472: time_manipulation; 107: arithmetic; 488: reentrancy;,0xf331f7887d31714dce936d9a9846e6afbe82e0a0
smartbugs_results,152: unchecked_low_calls; 153: unchecked_low_calls; 152: reentrancy; 153: reentrancy;,0x04666cdf77621dbee1b21988739dd3c12620a719
smartbugs_results,23: time_manipulation;,0xfc0de29edd8f0c616f398f69f6e5cc17fc71e0fb
smartbugs_results,415: time_manipulation; 418: time_manipulation; 447: time_manipulation; 441: time_manipulation; 486: time_manipulation; 471: time_manipulation; 474: time_manipulation; 488: time_manipulation; 491: time_manipulation; 494: time_manipulation; 497: time_manipulation; 520: time_manipulation; 522: time_manipulation;,0x393709845c63b7ac16ea60b6cda230a53693f2f4
smartbugs_results,490: arithmetic;,0xa15705d42a74785e10c31778dfc84c16500647f0
smartbugs_results,6: access_control;,0xacda12d0520df621c452c95ebe2a9603795903b3
smartbugs_results,89: arithmetic; 101: arithmetic;,0x4f411afeea9ebb9bd6a821adc105078e7bd5e688
smartbugs_results,1899: arithmetic; 2972: time_manipulation;,0xbfa82fbe0e66d8e2b7dcc16328db9ecd70533d13
smartbugs_results,97: time_manipulation;,0xd89ffe897a2161405ca3011d34047e22b4f09eb6
smartbugs_results,62: time_manipulation;,0xff7560b413945e602931dc71077a080d90feba68
smartbugs_results,149: arithmetic;,0xf09a3ea98a90b2de766227f04617a5a2d1c326c4
smartbugs_results,605: unchecked_low_calls; 598: unchecked_low_calls; 665: unchecked_low_calls; 670: unchecked_low_calls; 671: unchecked_low_calls; 5265: time_manipulation; 669: denial_service;,0x5906db495c9f27f73a9c46790cc79d860a6e9b5d
smartbugs_results,249: time_manipulation; 272: denial_service;,0x4a2c5a2c189fa9a9d69f7ae4265a4c83224fd15d
smartbugs_results,118: arithmetic;,0xc39ac05152663cbf6c8fea0fe71ddcaf313630dc
smartbugs_results,104: arithmetic;,0x9c775c1a13bdddc535e114cf5e11b5957f6639b8
smartbugs_results,27: arithmetic; 33: arithmetic;,0x942e0f9072d5ddb737a6210f08187a1cb435c2dd
smartbugs_results,52: arithmetic;,0x278f5d89c85a4ac8aaa39e08444212cbb2546fd2
smartbugs_results,52: arithmetic; 62: arithmetic;,0xf01f9599c651d3eb3da0d5440358033a274a06f2
smartbugs_results,97: time_manipulation;,0xdeb44a80cda99b3feb555cbc7fcbb6d8025c9193
smartbugs_results,127: arithmetic;,0xbdffa2acb93dd2a8ae9d2fcc3c2329906efd38da
smartbugs_results,208: time_manipulation; 256: denial_service; 430: denial_service;,0x1722a1c1c82298809f7f71d113695845c110195a
smartbugs_results,62: arithmetic;,0x58e41735fa157a69ae9abf96321e890fb45f3dff
smartbugs_results,97: time_manipulation;,0xb70a62a9d0ab9571430344a6714aa8def9d592a3
smartbugs_results,128: time_manipulation; 140: denial_service; 161: denial_service; 163: denial_service;,0x7cce31681023734e810e0e3bb008a1a18f46fb4a
smartbugs_results,97: time_manipulation;,0x24e01878a78c68d4f46a90643c1450bdd9db41fc
smartbugs_results,42: arithmetic; 43: arithmetic;,0xf4db7690bb4f617ac0f4c29d627722deef093340
smartbugs_results,129: arithmetic;,0xad97322187a113b03f8b2d6229744a04f34f36d2
smartbugs_results,425: arithmetic; 429: arithmetic; 414: arithmetic; 404: arithmetic; 585: arithmetic; 591: arithmetic; 911: denial_service; 923: denial_service;,0x503eb1b5976212a7970cd1d05dd4a08a3ef95267
smartbugs_results,215: time_manipulation; 225: reentrancy;,0x1184da746d4efa0b2717388af7d32aca963f2a69
smartbugs_results,48: arithmetic;,0x9f6e572359e5843a7f0028b35bc349501ae0a917
smartbugs_results,16: arithmetic;,0x7f5cbb9a4b70596acde1baed5b05e88da8957c6e
smartbugs_results,156: arithmetic; 157: arithmetic; 158: arithmetic; 70: reentrancy;,0xa8ff79ae4d596341915c93dfc26fc3b5bc96b743
smartbugs_results,520: time_manipulation; 537: arithmetic; 855: time_manipulation; 1031: arithmetic; 1276: arithmetic; 1277: arithmetic; 1373: reentrancy;,0xfdb99e001e3b6cf37e259c5d5b546b80cbfe3004
smartbugs_results,129: arithmetic;,0x1dacefe4f8eedef2524fa729f563a86695b8888e
smartbugs_results,97: time_manipulation;,0x8bb75d6d3ad959762d0063dfd64af5cd5d705f84
smartbugs_results,66: arithmetic;,0xad277fdfc6cab2cd63edd46287b13ed7caabccfe
smartbugs_results,97: time_manipulation;,0xcfdf37fe8ab43d60da98048782fb28e538ca86d5
smartbugs_results,97: time_manipulation;,0xf10e77f5c6bf6ab27311471264db6252b10b387e
smartbugs_results,52: time_manipulation;,0xc57fc2c9fd3130933bd29f01ff940dc52bc4115b
smartbugs_results,24: arithmetic; 50: arithmetic;,0x9016f7eee74f71c19d85fb5c9854da9b5ea2924e
smartbugs_results,254: arithmetic; 255: arithmetic;,0x46bfa7aeca8ab878fa27a6ff099ec31b204362a7
smartbugs_results,45: arithmetic; 65: arithmetic; 145: arithmetic; 161: arithmetic; 162: arithmetic;,0xab08a47cd05b5a07272b7e54a6756b3237da3b1e
smartbugs_results,27: denial_service;,0xfee322eb8908519a852019b3b48ff632473f541f
smartbugs_results,117: denial_service;,0xa01cf557573d87fd0cd5f4e479c61e469ef9d3f3
smartbugs_results,31: arithmetic; 32: arithmetic; 41: arithmetic;,0xef81796941e13116b087a35c0602aa4e3a82c5cc
smartbugs_results,50: arithmetic;,0x121ab27679fd383a8dde8938bcefefc881fb365c
smartbugs_results,37: denial_service; 46: arithmetic; 47: arithmetic; 56: arithmetic; 60: arithmetic; 107: arithmetic;,0x59ddfe4b465c5e057bf1501690af8ea3f565efd0
smartbugs_results,62: arithmetic;,0xfc28ec0aed2513eab08fabccbef5df6c34b0abb5
smartbugs_results,131: arithmetic; 149: arithmetic;,0x8f43bf448e8cb079cbfcc04ad7b2a41c5597d0c1
smartbugs_results,79: arithmetic; 88: arithmetic;,0xc4a43cbae3a93c560f2e5bfe3b144a4a940220fd
smartbugs_results,97: time_manipulation;,0xeb7462ea60dac030b59818c201884d7d4bef7fcb
smartbugs_results,97: time_manipulation;,0x75f5e02b9f9fe4da4617d785fdbe7367f087e677
smartbugs_results,203: access_control; 641: time_manipulation; 642: time_manipulation; 666: time_manipulation; 864: time_manipulation; 1016: time_manipulation;,0x29171eeaa66a2565b8e26e5403e667258dcc1b3e
smartbugs_results,31: arithmetic; 43: arithmetic;,0x92a3e244d11eca878c7fea4788325d0e6c3d29f5
smartbugs_results,97: time_manipulation;,0xe09961ac525cea51f06cc573b6ea03ab3c685159
smartbugs_results,157: time_manipulation; 303: time_manipulation; 308: time_manipulation; 313: time_manipulation; 318: time_manipulation;,0xc094d10e8c0f5f507bb986f01b0c44a83cbf8440
smartbugs_results,120: arithmetic; 130: arithmetic;,0x4ee3f56ba765d040871b1d42404616357ff24102
smartbugs_results,62: arithmetic; 50: arithmetic;,0xac9cbc7d41c11573aaab2861c875c8109d86451a
smartbugs_results,49: denial_service; 56: denial_service; 64: time_manipulation;,0xa6e728e524c1d7a65fe5193ca1636265de9bc982
smartbugs_results,62: arithmetic;,0x32ad7ee1d8e3e487674ea0e0980a530785c1a408
smartbugs_results,136: arithmetic;,0x2986402f1e6c4f01acc938e21f78d34fdad30878
smartbugs_results,52: arithmetic; 623: arithmetic;,0xa13f27fd46ab0f7a7d10c5644929ef945333d071
smartbugs_results,108: denial_service; 114: denial_service;,0xbfa59ec8f34e01049b9f756b8fac4b3f3519caa4
smartbugs_results,610: reentrancy; 639: reentrancy; 667: reentrancy; 698: reentrancy; 730: reentrancy;,0xe12edfe61d15de827be477859a201235a7f600ff
smartbugs_results,59: arithmetic; 59: arithmetic;,0x7d50adaccb0dcc5a7b774426b1892b20a971ba62
smartbugs_results,490: reentrancy; 411: reentrancy;,0x047187e53477be70dbe8ea5b799318f2e165052f
smartbugs_results,16: access_control;,0x9fbf5d3b362558553e8fde4693717c6f72aa19de
smartbugs_results,97: time_manipulation;,0xb7629fc8a6e7358101b777fc9658b6bc027e5950
smartbugs_results,6: access_control;,0xe6a61590237415230c8412d818a13ce7f64ad789
smartbugs_results,141: time_manipulation;,0x70135f213345cd39370c767150dab36b4a385f12
smartbugs_results,24: arithmetic;,0xb2c6f982cfc61cdc776cf38aa4eac58b32f3dd9b
smartbugs_results,331: time_manipulation; 376: time_manipulation; 407: arithmetic; 404: denial_service;,0x24eb6f844c51006eae05f50986e8ed67a884e97f
smartbugs_results,97: time_manipulation;,0xc7aac90c43a7ee54aebd617f46ec64defd0ebe7c
smartbugs_results,52: arithmetic; 62: arithmetic;,0xc542d8e73cbc88cd810976824a5b7feef50d32bd
smartbugs_results,197: time_manipulation; 293: time_manipulation; 297: time_manipulation;,0x8017a9b1a261c9c445ba8cc6e8b17c539cd47423
smartbugs_results,24: arithmetic; 50: arithmetic;,0xcfb692d6832f4e0c01052d65398f0be6e43a9c23
smartbugs_results,97: time_manipulation;,0xd9595448f7962b04daad06aa7b5c5a25392bc221
smartbugs_results,91: unchecked_low_calls;,0xc4af56cd5254aef959d4bce2f75874007808b701
smartbugs_results,52: arithmetic; 62: arithmetic;,0xc789bc5fd3941ef07205f2ee4fa99ae0be1db85a
smartbugs_results,515: time_manipulation;,0xebdbac38835a1105851e80c7fa1f1e6e25a86e32
smartbugs_results,52: arithmetic; 60: arithmetic; 127: arithmetic;,0x21e7017ef5e3e17522f936c257d7438a8fa89579
smartbugs_results,50: arithmetic;,0x833033f7c1f8684fbf40f67b1a623019905c5845
smartbugs_results,21: arithmetic; 35: arithmetic; 26: arithmetic; 37: arithmetic;,0x8803fb0582b4b4f7028690f9a5b81f14adb473d3
smartbugs_results,16: access_control;,0x96a76ab0467d438b01d721e2657092fc6034db53
smartbugs_results,467: reentrancy; 481: denial_service;,0x129823d44af3dc25670c02f06f4ae2d3630c7890
smartbugs_results,97: time_manipulation;,0x904e09b348d3b7f7f0e73b2d49a8b0740e7479ba
smartbugs_results,147: denial_service; 224: denial_service; 494: denial_service; 580: time_manipulation; 601: arithmetic; 602: arithmetic; 658: time_manipulation;,0xeb36a7650ef32f0643d39cf5b7fcefd4319febb9
smartbugs_results,97: time_manipulation;,0xef0736a83b537dbd2f1637a71b79eeee27a267e3
smartbugs_results,24: access_control; 30: access_control; 73: access_control; 83: access_control;,0xda6553c1788dbeea6507c2bc5f87056b769519e2
smartbugs_results,97: time_manipulation;,0xb38a9952197400f20b68ff14ad041ac020674c3b
smartbugs_results,322: time_manipulation;,0x6d744ff5cb5d6741c7c9887bd4bbfb815d743ccf
smartbugs_results,516: time_manipulation; 1348: time_manipulation; 1351: denial_service; 1592: denial_service; 1620: denial_service; 1638: time_manipulation; 1664: denial_service; 1742: time_manipulation; 1956: denial_service;,0xa3de830b5208851539de8e4ff158d635e8f36fcb
smartbugs_results,97: time_manipulation;,0xf731a3b8fb18f9ee915056b18d716bcbb77bebf5
smartbugs_results,24: arithmetic; 50: arithmetic;,0x0ce4c6fd22c23ccb31d8e6f98ab79a6b6313c634
smartbugs_results,241: reentrancy;,0xf894f2e0b3fe9e33cce6057e4988569a70ce5caf
smartbugs_results,298: access_control;,0x5ca7099611020d9234c7191c7b066779128e715c
smartbugs_results,55: arithmetic; 65: arithmetic;,0x15f03292a0d8a11eb2694f94e4d6e1e3e13f6e82
smartbugs_results,436: time_manipulation; 437: denial_service; 567: time_manipulation; 568: denial_service;,0xe18fa7b1e1a7af9b338d3fb89c23a83d0c2e4b5d
smartbugs_results,97: time_manipulation;,0xa2d9fd25d22e07a9f70f4d6459c8887d203dfb47
smartbugs_results,136: arithmetic; 154: arithmetic;,0x4faf8d77ec7114e76f2e60f16fa1400c4d97f8fd
smartbugs_results,72: arithmetic; 81: arithmetic;,0x9aeda3956100fa20c258f52bd076ec1cb6f78079
smartbugs_results,557: access_control;,0x599bd943ec0babdc271a92a2303b20a140b93615
smartbugs_results,52: arithmetic; 62: arithmetic;,0xb8bdcb4f84b8b89b4067632286b09c6ab00a696b
smartbugs_results,312: access_control;,0xb27fb8de974414142e7f3e2b60b6920462f2f78e
smartbugs_results,74: arithmetic; 83: arithmetic;,0x4b8b085091c51f5f16d8e4a873eabfa6508ddaaa
smartbugs_results,97: time_manipulation;,0xadfd9238c5e26d4085d5c61413e86b2fdf3688b0
smartbugs_results,106: arithmetic; 87: arithmetic;,0xe9d858654530cd2ea5525bc57f8db10dc6edcf45
smartbugs_results,362: access_control;,0xbf18f246b9301f231e9561b35a3879769bb46375
smartbugs_results,82: time_manipulation; 530: arithmetic;,0x25a81c6a4d95bd8a76da0c713f0c8b43aa0d1aae
smartbugs_results,52: arithmetic; 62: arithmetic;,0x8e913868f0ecd8fa524292614ba41b28a675eebf
smartbugs_results,60: arithmetic; 42: arithmetic;,0xd056d21719e7e2bc216cb74fb18a3d0f1542af6e
smartbugs_results,243: arithmetic; 244: arithmetic; 256: arithmetic; 257: arithmetic;,0xbcbd4c956e765feece4f44ea6909a9301c6c4703
smartbugs_results,131: arithmetic; 149: arithmetic;,0xdfc5dce1a27e6110107817a352ebe4dd9dc6b157
smartbugs_results,97: time_manipulation;,0xd180223b9815ae7bcc6d649ef213eac9fbd89036
smartbugs_results,97: time_manipulation;,0xf1c63c381fecffeb19d185e253cf7a4a246ab261
smartbugs_results,97: time_manipulation;,0xf4d81a842f358f3aca80c865515c2e8d3b0b52b4
smartbugs_results,97: time_manipulation;,0xeb5e6e9a972cb49296b04ba6fb2e2c1aa9a6a0d1
smartbugs_results,97: time_manipulation;,0x9f44514869cdea1af4a69f15c722bfcc8370437d
smartbugs_results,97: time_manipulation;,0xfe8bf9b607db029e9692d65b74f4ace56ccb3e35
smartbugs_results,97: time_manipulation;,0xf777609ff27ffc4553bec4c491e91739e4081228
smartbugs_results,97: time_manipulation;,0xeafc5f1b870e35f1623aa38c57fa7b1925b83392
smartbugs_results,97: time_manipulation;,0x9f44078d039bd75f4bb0eb832c247777947cab8c
smartbugs_results,97: time_manipulation;,0x8d264f64fc83c32dc447fbce6e03a5e45522d4cc
smartbugs_results,97: time_manipulation;,0x1ec6b49b91d1373b9ca69563693b886c5a17a660
smartbugs_results,97: time_manipulation;,0xf03d66f11b5fc901212c6c56a6d6457a37a5cd39
smartbugs_results,97: time_manipulation;,0x2aee0b822dada6150dfa6f60f9474c20a19c8897
smartbugs_results,97: time_manipulation;,0xa39607d5d592e478121c248c204234b78ea2b0aa
smartbugs_results,97: time_manipulation;,0xd182706e4f80bb3ca1f87809b2f70446a2f6bd0b
smartbugs_results,97: time_manipulation;,0xa99d72ac64b797f066cbf681fb7448964007db0c
smartbugs_results,97: time_manipulation;,0x95c6b1ca2e2f8d9f8cae73fe522e247ffce9e5fa
smartbugs_results,97: time_manipulation;,0xd24f6673c4c437e17b7439a6b23ae31dfbfc4df6
smartbugs_results,97: time_manipulation;,0xdc01ee0a301dbfd205b14b6df49155dcbf723ee8
smartbugs_results,97: time_manipulation;,0xa43d02018bf9c9382606189591ec9ec68ba4d9b2
smartbugs_results,97: time_manipulation;,0xcf30cace87948053f471e1df170fe797899252d4
smartbugs_results,97: time_manipulation;,0x26a46957664638cb0b3e55fada183f9fd2dbd3a5
smartbugs_results,97: time_manipulation;,0x08531a68f5ea92e40705b0f4acecc0456f397ac2
smartbugs_results,97: time_manipulation;,0xf6ea7f792ac75ccdac94f315bae264e7a87e2edd
smartbugs_results,97: time_manipulation;,0x0f0588cf15d1d4ef3e9856fbe9055a025289eb8b
smartbugs_results,97: time_manipulation;,0xb63845d0baf3da147c61ca8b833061b4773933fb
smartbugs_results,97: time_manipulation;,0xab8847ddf1ccce3f6b9b58659cc4bc7edafcf257
smartbugs_results,97: time_manipulation;,0xe033ef889dd287918e1e5172b90108aa20a3bd62
smartbugs_results,97: time_manipulation;,0x155033221c69aff91caaa0ecaf732558b6a6e58f
smartbugs_results,97: time_manipulation;,0xd899a05f9fe46ba18d7a9a5ea5857a9dd1ef3e7a
smartbugs_results,97: time_manipulation;,0xc54ba5fd51f3510c61e06c5fcba77e19b18d2e48
smartbugs_results,97: time_manipulation;,0xda9129412457bbc328b21415241dad0c59ea20a6
smartbugs_results,97: time_manipulation;,0xbc4669479f8ea4df0994b29c8ad3c3331f3136e8
smartbugs_results,97: time_manipulation;,0xc8d5a5b934f7d468526982a61eea703e49f15fca
smartbugs_results,97: time_manipulation;,0x2a731842f083a40d8957ba4dd249ea466e52df0e
smartbugs_results,97: time_manipulation;,0x9088c09f92d150d0948078e9d5c85cdddac9f7ee
smartbugs_results,97: time_manipulation;,0xc2f8e096e775977276eecd14637df9c6107c4d1a
smartbugs_results,97: time_manipulation;,0x20eeaa07f4a5fe35933c8e3d3c28ab34f9d8166c
smartbugs_results,97: time_manipulation;,0xc82c855808a94a18b5d09c3f50a28de60dd1beec
smartbugs_results,97: time_manipulation;,0x93055d48b09e1336ee45b931b79297b57eeee5c0
smartbugs_results,97: time_manipulation;,0xe1680fe8cd95effe7cdb5d171312f07c4cc3dd64
smartbugs_results,97: time_manipulation;,0x2e559a0e834b60c6e1e6ca81a9149f43ffdaff16
smartbugs_results,97: time_manipulation;,0xb123f4f7503bf2ec238e8d5e581fe14b53aca032
smartbugs_results,97: time_manipulation;,0xc28a41a4f221e4c2dcc69e7f04e84bf778e60f33
smartbugs_results,97: time_manipulation;,0x1531243e2d75041baed7886432886d6fdff41712
smartbugs_results,97: time_manipulation;,0x9d123a0120496b72944ec968bfff8dc4ac29deb7
smartbugs_results,97: time_manipulation;,0xb536a46d7bba856f2c1cde72fea58aaf58c041bf
smartbugs_results,97: time_manipulation;,0xc51ca1b4f537869f3d40587bfeb81501d98eaa43
smartbugs_results,97: time_manipulation;,0x780ed9e3d7b16cf64f7fada757b7d4ee793a7470
smartbugs_results,97: time_manipulation;,0xdf66685622cf0bd01ace8c13c7311a4ffb38dd0a
smartbugs_results,97: time_manipulation;,0x1ba606901f54c5303a5e62e3529f927b7b8adad1
smartbugs_results,97: time_manipulation;,0x9bd15caaf77f45510751135acab56a0d69ac24c1
smartbugs_results,97: time_manipulation;,0xe9aeb718164bace57e676b66e37c7d485ba7f143
smartbugs_results,97: time_manipulation;,0xab355994d21b12b6fe8c0fd1fe34c28219f661b8
smartbugs_results,97: time_manipulation;,0x96d81490a9f342e4c7d21d2145a8e784f5e1d1d5
smartbugs_results,97: time_manipulation;,0x6f176e050ac08560c9fe50706c7209c280433ed7
smartbugs_results,97: time_manipulation;,0xe920808f833c25d618aeb76bdb6db5bf21bee995
smartbugs_results,97: time_manipulation;,0xd0a0e8880b20de46b90b9a9daa0948fe6ef70f89
smartbugs_results,97: time_manipulation;,0xbbd5ea108b3aa5ec8413bd43ac07294d0df2d7f8
smartbugs_results,97: time_manipulation;,0x8f3d7ef2dff1303310d4cda7bdbe1e7b72d9e423
smartbugs_results,97: time_manipulation;,0xd3f15e0da2ff96e5106979f39783a112fbd30f4f
smartbugs_results,97: time_manipulation;,0x7ff0888c433e0f35d872347843780831ed434f4a
smartbugs_results,97: time_manipulation;,0x940c63698bd2ae48b1f5618cde5c59ecdbcc93b7
smartbugs_results,97: time_manipulation;,0xcf0d50037931cf1b2a31c6933b1559f0fba66281
smartbugs_results,97: time_manipulation;,0xc0e6e06b0fc4806fc7ee4a2f0fa665b448852f14
smartbugs_results,97: time_manipulation;,0xf56eacebe720d4ccf76430c9af33b7a02040bcb3
smartbugs_results,97: time_manipulation;,0xb5d2813384663158d99c03b3c5ea3b59a2448a63
smartbugs_results,97: time_manipulation;,0xab3db9996b28125133b2f1ec4c80ca9766374747
smartbugs_results,97: time_manipulation;,0x9f5522097c0029aeef4697ff4bf8fb0cb5252cd1
smartbugs_results,97: time_manipulation;,0x9fc3f93809888c0edb31e10cb6963d6331e3ab34
smartbugs_results,97: time_manipulation;,0x8b342b689e1847d44f7ec4d47ad62851aa6c5d32
smartbugs_results,97: time_manipulation;,0x8df1fc9f0f2db3816bcc792de32ad7c4635bbaed
smartbugs_results,97: time_manipulation;,0x7e9f4165f58a51b239d4da3f2ce382ff207b1134
smartbugs_results,97: time_manipulation;,0xe82764e3aa2244e90a3928ce8692e70bdf88186b
smartbugs_results,97: time_manipulation;,0xecd706e9345e158ae1c3aeb4303eecbcaf47d89d
smartbugs_results,97: time_manipulation;,0xdda2360bf463ba8811fe7f760cd0864fe8a13dae
smartbugs_results,97: time_manipulation;,0x29476107685754f999f52326a1950f1cd16b5be2
smartbugs_results,97: time_manipulation;,0xc2090ec624c2bdb7f21cf823dfd64580b4189d33
smartbugs_results,97: time_manipulation;,0xec4fa89bf90cfac0109bdcdef3b7a2620c771483
smartbugs_results,97: time_manipulation;,0xaa5c85fb828f538adb75128d1709da6e735548d5
smartbugs_results,97: time_manipulation;,0xd69af4c432c0361c45930b91d0e119decf4d319b
smartbugs_results,97: time_manipulation;,0xa15bea396196a83ac9c00ecd2dcf5f9acecffb36
smartbugs_results,97: time_manipulation;,0xe43e99e5fae2202217b2305c5de9be0788ab1a96
smartbugs_results,97: time_manipulation;,0x711d759caf7153da2ed3dd0d1784b0446cda3693
smartbugs_results,97: time_manipulation;,0xda9195aff021c1523e08e252057800b070011844
smartbugs_results,97: time_manipulation;,0x944922fef62288ed28009cca7da8a09b682a195f
smartbugs_results,97: time_manipulation;,0xf9877301d7bf104dc810dacdcd316b114f0dcb39
smartbugs_results,97: time_manipulation;,0xbe61c30195e71c3ba633ce777165139a6de8830b
smartbugs_results,97: time_manipulation;,0x2a15d716d63200c3109bf2aba8d2f3e66977bf78
smartbugs_results,97: time_manipulation;,0x2bdb2840c41f15df4cdb6994a62274efbea45d35
smartbugs_results,97: time_manipulation;,0xe7d27d4be6e10326a585aca82114f70b0dcb3736
smartbugs_results,97: time_manipulation;,0x7ba08e0f57d21f0aa60b7ed2a60ca54bc20ca646
smartbugs_results,97: time_manipulation;,0xeb60fcdaf40fba76c666b003a9c0c9d351396232
smartbugs_results,97: time_manipulation;,0x215d57459ef5534a430f365ea52af62a9ac67c9b
smartbugs_results,97: time_manipulation;,0x8ba8ddb540a3ebbc18eae221de8b20636234fc59
smartbugs_results,97: time_manipulation;,0x9d2ce3f9e181e413dbcc4ec7e020d82414b62e46
smartbugs_results,97: time_manipulation;,0x27a1cfde8ad652b66253e4a780c734eadac8ecdb
smartbugs_results,97: time_manipulation;,0x9b3ce783732044573c2e73a03930c3084a2518ee
smartbugs_results,97: time_manipulation;,0xe5212497d8062e5dbd70fe505320b96cceb45c83
smartbugs_results,97: time_manipulation;,0xedb9b60ab802b3fdd7a9ac6c4d5a4416fd613bb7
smartbugs_results,97: time_manipulation;,0xe1128148c60ba1672916c68aef544187c8262f33
smartbugs_results,97: time_manipulation;,0xd9cd94beac90ad4db8fb6c29d82074e731a8716c
smartbugs_results,97: time_manipulation;,0xe60acc6fce32b90bc4e4f448816e1d40bd366974
smartbugs_results,97: time_manipulation;,0x9348dcfe222f10ede33298dd0add35d04251a087
smartbugs_results,97: time_manipulation;,0xe27afee77f6d1d561ed731e4ba6be203530dfc91
smartbugs_results,97: time_manipulation;,0xebba7aa1df901e26ac29b2b5b60a94aea429b5d5
smartbugs_results,97: time_manipulation;,0xb0d7c78f5b672879e8f8eec0a3fd4c225e4a132e
smartbugs_results,97: time_manipulation;,0xdd183401ca5bbd18c5eb88651b5293e38bb4a79b
smartbugs_results,97: time_manipulation;,0xf471ec12ebb8de28a030e67929fdad281d841459
smartbugs_results,97: time_manipulation;,0xf7514c6791221148c37718aefa22c98efa473829
smartbugs_results,97: time_manipulation;,0xbf678a0ae6720718a1bf98242edba96519de6ddf
smartbugs_results,97: time_manipulation;,0xe61efc18cfe43481ac53ca298abbc15acc4608f6
smartbugs_results,97: time_manipulation;,0xe8e0926810577665d45a88dd0517aeba9b776c59
smartbugs_results,97: time_manipulation;,0xd95740300960a3080dd1fe61f4e7bcfb3d11f487
smartbugs_results,97: time_manipulation;,0xe6266540fce9368ba3177b89f9b7663f6e0cf55d
smartbugs_results,97: time_manipulation;,0x7f861c163c3e60d3f7e50006006d8c7fbf16bf7d
smartbugs_results,97: time_manipulation;,0xf3fce1b764a26170cc06e793083a617a55df32f8
smartbugs_results,97: time_manipulation;,0xe644fc2c30ba4c293e253b210a49cf78dacc074f
smartbugs_results,97: time_manipulation;,0xc535ad1521b14dbefbb4e36dddedefc264e98a0e
smartbugs_results,97: time_manipulation;,0x038ed35dde8f63b457d91e874f25e7ae41e15da8
smartbugs_results,97: time_manipulation;,0xa194c79ac73fb7d9a0c7e9c8c208ec6e879f9802
smartbugs_results,97: time_manipulation;,0xcc1f100eb8f7261bcfd935421f9f5e3f7262664e
smartbugs_results,97: time_manipulation;,0x244aa22a856a21a7fa11135d11dd5d8b3b6a5daf
smartbugs_results,97: time_manipulation;,0x07aa23bfd3e19f3a0508ca8dc5425857c6d31488
smartbugs_results,97: time_manipulation;,0xb4c4893bec1bda187f3c27f25e522465a8fdfbcb
smartbugs_results,97: time_manipulation;,0x9af818ba3534264b7244d4084083d7190777962a
smartbugs_results,97: time_manipulation;,0xc703eda3f969575bed8aa37379a934e32ac01947
smartbugs_results,97: time_manipulation;,0xed9e098c0b03d79014307d613fcd823431174b42
smartbugs_results,97: time_manipulation;,0x89a68db6c5773a2f282fae81e0819deb517e5229
smartbugs_results,97: time_manipulation;,0xf28d3e573fd2c01002502504e36093ce6a01bf92
smartbugs_results,97: time_manipulation;,0xc6cee1ab0871f1b0deef37051a0acb97318a7ee0
smartbugs_results,97: time_manipulation;,0x2ada108dfc955b2318214c66a4c1dfd745b5738b
smartbugs_results,97: time_manipulation;,0x7b16e891ad2dede71f15fd522f8b209aa125180b
smartbugs_results,97: time_manipulation;,0xe3817a2c21c8db3ae4ca743ef1bffdfdc2dae1bf
smartbugs_results,97: time_manipulation;,0x0b07ca851cb7d07563e607b36e33729d2f603c2e
smartbugs_results,97: time_manipulation;,0xc1b044c62219bffd0f8e86074b26b22b12fd7fa0
smartbugs_results,97: time_manipulation;,0xe2fe83a5bd33efbab0fe890e59f9d423391d3867
smartbugs_results,97: time_manipulation;,0xc7ffef77c1d1e73ac69b1c5dfc6ca40c9957e965
smartbugs_results,97: time_manipulation;,0xe4e6e8aeac1c9159ec0a2b5d2f93e1c6e284f3d2
smartbugs_results,97: time_manipulation;,0x9fa13392e39ca73e7722d2cba9fcd9cc6a0d1bfc
smartbugs_results,97: time_manipulation;,0xcc94f221914688a25552c13f1fe0babe119b3058
smartbugs_results,97: time_manipulation;,0x96b1f48cad88c267fe4b3860e4aea97c7d7205b4
smartbugs_results,97: time_manipulation;,0x285da19b7e0081a5df481194de3fa4f626b46a76
smartbugs_results,97: time_manipulation;,0x8cd88e8b72407f7b79c599ccb1e8ef84d70a4ca9
smartbugs_results,97: time_manipulation;,0xf16f89cf2bb26af9218cb7c4e794d6a4250b6795
smartbugs_results,97: time_manipulation;,0xf672183218fbcf15b309177f00a245d76e06905e
smartbugs_results,97: time_manipulation;,0xf9c34855063c18a69e1ea2a51568bc9b4bad27ef
smartbugs_results,97: time_manipulation;,0xacae061bb0cf585e4b999aa5f713a1a5261ec543
smartbugs_results,97: time_manipulation;,0x144195c21c7c9622c83666037cdf74f5473114f7
smartbugs_results,97: time_manipulation;,0xdea1e5c68ad5864fae92149dd0a646d3880f5788
smartbugs_results,97: time_manipulation;,0xd846869fdc986115900a2443306231de95dd8af8
smartbugs_results,97: time_manipulation;,0xb4dd889a924c5a30db857b8078886b764214a56c
smartbugs_results,97: time_manipulation;,0x2004abe080a7ab15b84997cfc0cc2519bda36d65
smartbugs_results,97: time_manipulation;,0xf68cf95284b0966dd87f81848786878d8a25d37b
smartbugs_results,97: time_manipulation;,0xf445723a5e7a3af9f010ac44a20dc80612e6c95f
smartbugs_results,97: time_manipulation;,0xa151c68bfc35ee9626af76ed8d635fa666b7264c
smartbugs_results,97: time_manipulation;,0xea4a0767906fabe89201fd26faab8244e337bd0d
smartbugs_results,97: time_manipulation;,0xa27f1a7dea88138fdfef8be12bb29a8d11ec5286
smartbugs_results,97: time_manipulation;,0x9aa3507bb5ca7c8cf030e6fe0d829fbc096d2b14
smartbugs_results,97: time_manipulation;,0x2d41a819b2a31cd4220176b9da5b4bbfc336d2de
smartbugs_results,97: time_manipulation;,0x03214697869eba6390966dead33a8c6b4bb2f2a3
smartbugs_results,97: time_manipulation;,0x201bee8a413cac13f0873fe01a2f3f38e230d8d5
smartbugs_results,97: time_manipulation;,0x11e0c27aed0897e955ece13fabd9c70ec3c2accf
smartbugs_results,97: time_manipulation;,0x9ec1feb32c686364a90213060312b4ca8ad79d85
smartbugs_results,97: time_manipulation;,0x0a4933dad3e19fd13232b4050dc566de961397ed
smartbugs_results,97: time_manipulation;,0xd24b1d0b1f4739f4dd74f12398c68e2eb71f2f36
smartbugs_results,97: time_manipulation;,0xd4009baa76851960e83353686a1d52e15dfca9ee
smartbugs_results,97: time_manipulation;,0xf5928b67898f569234d2097a7911f1db544432fd
smartbugs_results,97: time_manipulation;,0xccb60fe0f5571c30f762238ab875505197e915e7
smartbugs_results,97: time_manipulation;,0xcc09960bfcc552c930fd044d7e67f95389d3d9a8
smartbugs_results,97: time_manipulation;,0x2025d56302c3ceb653a35f6086590872b613b22f
smartbugs_results,97: time_manipulation;,0x28efc53cb4e133221f2e184e630189b49bc11e5d
smartbugs_results,97: time_manipulation;,0x040d5eded7a68608722aaa96a27523d8a36e8fb0
smartbugs_results,97: time_manipulation;,0xdb2b741ae1be38b6842c15f5bdfc84312d722aa5
smartbugs_results,97: time_manipulation;,0x8ad0e4193d35742ccbd01efd4ec2bdf3015bc8fc
smartbugs_results,97: time_manipulation;,0xc92b3e5aede986474f2b0ae944101ab9f3021797
smartbugs_results,97: time_manipulation;,0xf58a4a85199a865ca19ff56160a344b6bf2e5636
smartbugs_results,97: time_manipulation;,0xfd50819d57b8ccd16b2f69d975f14bc85f9b7db0
smartbugs_results,97: time_manipulation;,0x28a1becf1420ec5753532cd465294e7f05db1287
smartbugs_results,97: time_manipulation;,0x2a3d1383918e83b260aa5977b1814a21d12f7f87
smartbugs_results,97: time_manipulation;,0xdcef8ce397e054e94e05a9c96b0ba3bcaaa061c1
smartbugs_results,97: time_manipulation;,0xf437345b7d43b0d66e2e74a70cf45a034fa3262f
smartbugs_results,97: time_manipulation;,0xb87b018643c00a77442995a6c4c7deb125edf892
smartbugs_results,97: time_manipulation;,0xf53cef0a18f5d107a4aa8324e07504c300601ec9
smartbugs_results,97: time_manipulation;,0x1fef6c8a7edf63ba5e2de33094ccbfefba7a6dc8
smartbugs_results,97: time_manipulation;,0x2b71d3dee8140d7c046021e1ddc797c34d0ab5c5
smartbugs_results,97: time_manipulation;,0xcb60c789018081393fbe4e3b6b23df56d5998b71
smartbugs_results,97: time_manipulation;,0xe19490b8db5fbdf63204d673c965aa5e7e7c9268
smartbugs_results,97: time_manipulation;,0x6ef0549f3b6537e622ca2361b21e7c53e57b1254
smartbugs_results,97: time_manipulation;,0x99cd30c063d936330ab5e74350da1c52fb0d85c8
smartbugs_results,97: time_manipulation;,0x9dcbe39f3aebaab8219ca93d3df79b94e0b36f3c
smartbugs_results,97: time_manipulation;,0xc11661e0285bb362e989782d7f2a1aea87c5a399
smartbugs_results,97: time_manipulation;,0xecd7ef5cf840de8cd93d3f73b6890c04b32d2465
smartbugs_results,97: time_manipulation;,0xa14de68c33affec8f40ffa21390222d322726adb
smartbugs_results,97: time_manipulation;,0x9dcb9c269edd8756c1ad3e04bfd59941427d618e
smartbugs_results,97: time_manipulation;,0xf4e0af386b422f05208f2b3d2e89d19f2114fab1
smartbugs_results,97: time_manipulation;,0xb9f138cd91baf80e45c67d4e5d52ea84606bc65a
smartbugs_results,97: time_manipulation;,0xd823ddfdd6e51021f864e09e70d5a8f0d352260c
smartbugs_results,97: time_manipulation;,0xb6842fc2cee2145dfc447a94d3d30d3f0d2b995b
smartbugs_results,97: time_manipulation;,0xde9041c39fae474a182597785b32c08a107b47a1
smartbugs_results,97: time_manipulation;,0x0f2ed6a4c01486d796939217ddb9bed679eb9ba9
smartbugs_results,97: time_manipulation;,0xfc853926ca843edffdf5fbe8577bfd97b7f26d96
smartbugs_results,97: time_manipulation;,0xdf4e97bb36d059bdd55b7be15b7ea23b3380f5a6
smartbugs_results,97: time_manipulation;,0xd5170832eaac2a1fbcec027c90df458d31bf10c7
smartbugs_results,97: time_manipulation;,0xb6ae1e21a2cefe2699feccd49f27f7f2d9f9968b
smartbugs_results,97: time_manipulation;,0x2e1206519a90e464f53f11a65e518e1eb71ac9e2
smartbugs_results,97: time_manipulation;,0xff44dfdd31ebb9d0f8d3e8c36a26e2cfb94b37e8
smartbugs_results,97: time_manipulation;,0xecb57e013dfa8f75f570d1828d157460b8459053
smartbugs_results,97: time_manipulation;,0xe8a8ec1860e6058a087485981c8ab2a66c6f6bad
smartbugs_results,97: time_manipulation;,0x7487e333f482b2f7749f4125e57d23fe54947556
smartbugs_results,97: time_manipulation;,0xf80a06765fd427e90817b002c0f050a121154c6b
smartbugs_results,97: time_manipulation;,0xd1e1492601eebd6ebc34ea9a19bae7e5fc79f593
smartbugs_results,97: time_manipulation;,0xdb155b110fc2f138daf651c249d9bb28f29d77cd
smartbugs_results,90: arithmetic; 101: arithmetic;,0x3ef6c13b8e03e61f5c60a61d0e9df6e29011e765
smartbugs_results,24: access_control; 86: arithmetic; 96: arithmetic;,0xcf095a3d364a89e086f0f271b39887ebc5dab210
smartbugs_results,438: time_manipulation; 593: time_manipulation; 594: time_manipulation; 656: time_manipulation; 749: time_manipulation; 766: time_manipulation; 798: time_manipulation;,0x5dc66c1835fd8d60ef2ec31901ee3f33de9c61a1
smartbugs_results,190: time_manipulation; 208: time_manipulation; 266: time_manipulation;,0x2791528f5617e187a6d73c30034ac211b2f47042
smartbugs_results,51: denial_service;,0xbb530108497bd5007b74443119a8de8f33cc98bf
smartbugs_results,60: arithmetic; 50: arithmetic;,0xbb33c3eb30e4cd7efd875e00421c0f8a4cbd25aa
smartbugs_results,821: arithmetic;,0x09e75a808c0e4f099de0eb338e4816decf9a7683
smartbugs_results,50: arithmetic;,0xf3341980ab56d946af028f725717668edbd09915
smartbugs_results,134: arithmetic; 152: arithmetic;,0x2134057c0b461f898d375cead652acae62b59541
smartbugs_results,52: arithmetic;,0x1c6d7249e702c4f649404e089d9a68b8f9a78c6f
smartbugs_results,38: denial_service; 47: denial_service;,0x299c3b9c0a2af3ff807f65a9a331b0e29a0a88cd
smartbugs_results,129: arithmetic;,0xfc893c085a905fb8fe853bdac5ff255eb314cfbf
smartbugs_results,334: time_manipulation; 341: time_manipulation;,0xbea9a5ebac38f0485eefe13083a6be964798acd7
smartbugs_results,452: denial_service; 911: unchecked_low_calls;,0xb891c4d89c1bf012f0014f56ce523f248a07f714
smartbugs_results,150: reentrancy; 206: denial_service; 597: denial_service; 672: denial_service;,0xdda80deeb2db6d63247b9be73bacd00184fbc83f
smartbugs_results,88: arithmetic; 79: arithmetic;,0xe256bb0b2a3457e54db3a41cf5a8b826aca222a8
smartbugs_results,70: time_manipulation; 106: time_manipulation; 108: time_manipulation; 132: time_manipulation;,0xa7101e696dc6334ca8dbe8176a85a1c545feb6e2
smartbugs_results,1020: time_manipulation; 844: time_manipulation; 925: time_manipulation; 977: time_manipulation; 1045: time_manipulation; 1198: time_manipulation; 1244: time_manipulation; 1252: time_manipulation;,0x7a11f99e192c1ec5be580522a64165129b548e39
smartbugs_results,52: arithmetic; 62: arithmetic;,0x8d44d6b4ea99c865df1545a2dcb3aa445ba484bc
smartbugs_results,207: access_control; 251: unchecked_low_calls; 255: unchecked_low_calls; 257: unchecked_low_calls;,0x37ba8c2a3d44dfc78bfdde70c52b64a7ddd31575
smartbugs_results,121: denial_service; 149: denial_service;,0x8ac4da82c4a1e0c1578558c5c685f8ae790da5a3
smartbugs_results,224: time_manipulation; 248: denial_service; 288: arithmetic; 339: arithmetic; 242: arithmetic; 583: unchecked_low_calls; 594: unchecked_low_calls;,0x8d87c5b8cd2b0ddcf1814d2a6e24659775b5215f
smartbugs_results,125: arithmetic;,0x09186c6f2b1eb74d4510a3ae062dc2d9963f2697
smartbugs_results,262: denial_service;,0x0568521a4a285673f415a79f31cf79ca1761f981
smartbugs_results,24: arithmetic; 50: arithmetic;,0x937321fb0538748bd26956679f9faed8d883e30a
smartbugs_results,10: arithmetic; 22: reentrancy; 25: arithmetic; 20: time_manipulation;,0x0d5d4c289133ebf3eb685c183a930c1ee2ea4a4f
smartbugs_results,53: reentrancy;,0xf4fc13034c1347e3ab1ee1a01c58796bdb20c639
smartbugs_results,164: denial_service; 198: time_manipulation; 195: time_manipulation; 268: arithmetic; 275: reentrancy;,0x4653e2674b64ea887f3bdf6f750a9aae864cdef5
smartbugs_results,110: time_manipulation;,0x336e296a9f021e459d20d2c249990ebc4f6b4a56
smartbugs_results,43: arithmetic; 63: arithmetic;,0x7e4220f71949024a4dcb46fcc61e2b13f3f4d25a
smartbugs_results,181: time_manipulation;,0xa5a4e0f19aa936bed6d1b99b26c557d1e16ce5c3
smartbugs_results,24: arithmetic; 50: arithmetic;,0x9851f32a68498a456c711d0c1130f198f3058c84
smartbugs_results,84: arithmetic; 92: arithmetic;,0x9715605940de3514020e161fcfbe9bdd571ade1b
smartbugs_results,128: arithmetic; 146: arithmetic;,0xd0a024e4b057024f941051dc19220a3bab4b5d45
smartbugs_results,388: time_manipulation; 389: time_manipulation; 699: denial_service; 766: denial_service; 766: time_manipulation; 1076: time_manipulation;,0xad62978707bffee58bd59fadc4739e43cbb5cbb6
smartbugs_results,61: arithmetic; 71: arithmetic;,0x9eb6d18868587ed09028ef678a8d9e858ecab678
smartbugs_results,53: time_manipulation; 54: time_manipulation; 64: access_control; 70: denial_service; 71: unchecked_low_calls;,0x2d6cb85e108326a8bbb72ca6f3c9f0f3c7f53638
smartbugs_results,52: arithmetic; 62: arithmetic;,0x98936045f84c20050236f132d69927fd59bc3f28
smartbugs_results,545: time_manipulation; 566: time_manipulation; 567: time_manipulation; 569: time_manipulation; 680: time_manipulation; 766: time_manipulation; 859: denial_service;,0x9e2de29ba408f7ad0a014164e5fca0d2d5a45b1a
smartbugs_results,52: arithmetic; 52: arithmetic;,0xa87ef16ac58d91d0e4660079bbb3efbbb2a944ae
smartbugs_results,232: access_control;,0x2b34ebda72bade6e6e91883ca67eb23484b045fb
smartbugs_results,91: reentrancy;,0x6ca26152df86c13f9830ec3701e8e96d51ee833f
smartbugs_results,46: arithmetic; 56: arithmetic;,0x2b0bc2e11bb3d9c02b231a96ffd571a8bc613af0
smartbugs_results,129: arithmetic;,0x842aa016d74e8ff46145e713315c951dc9f7b19d
smartbugs_results,54: arithmetic; 57: arithmetic; 88: arithmetic; 145: arithmetic; 192: arithmetic;,0xda0af93134b0e1325fda263326bb6202f82cfb94
smartbugs_results,129: arithmetic;,0x85c9bd642fc15381a480be0926410a7f7e9c0daa
smartbugs_results,324: denial_service;,0x5e80ff46592760b3e4668a1dea662839ca9e76ab
smartbugs_results,374: time_manipulation; 375: time_manipulation; 376: time_manipulation; 406: time_manipulation; 421: time_manipulation;,0x2f57384ea701c9d84d6ba0b6d00eecb4ae9fb0f5
smartbugs_results,131: arithmetic; 149: arithmetic;,0xadd33eafa3e75e8b56fac37e25ccaf6d1eb44ab4
smartbugs_results,131: arithmetic; 147: arithmetic;,0xbcef236c69228f004da2fa693c3347946798e0c3
smartbugs_results,145: arithmetic; 163: arithmetic;,0xfc047dd076ce776f0154bb72dfc4a7a2aca00fff
smartbugs_results,163: denial_service; 249: time_manipulation; 284: time_manipulation; 495: time_manipulation; 505: time_manipulation;,0x7b79387dd30dc6848dd2308c825b6802e99abc84
smartbugs_results,101: time_manipulation; 125: time_manipulation; 132: time_manipulation;,0x2dfcae4bc1b5468d6fa6e508da666ca5cde56ccf
smartbugs_results,148: arithmetic; 164: arithmetic;,0xb6cf4da49ef2b526e2ef480ff5c74c23819218e4
smartbugs_results,21: arithmetic; 31: arithmetic; 75: time_manipulation;,0x9f00f10e226ec430e888d6311e3f65e62093a9ac
smartbugs_results,338: denial_service; 344: denial_service;,0x0788d90e614d64de700f62bd54a1e6006c425bc4
smartbugs_results,286: denial_service; 334: denial_service;,0x3ab1d534bb477f516817efaaf0b569f419b8e292
smartbugs_results,129: arithmetic;,0xacf58bec5622a6de8df2f380281b7dc2224f662b
smartbugs_results,52: arithmetic; 62: arithmetic;,0x179a2e413386db620d5b89a18550a3874385f726
smartbugs_results,50: arithmetic; 60: arithmetic;,0xe84cfbcbd8047299573896233fff7d03e77088f1
smartbugs_results,68: arithmetic; 78: arithmetic; 159: arithmetic; 202: arithmetic; 211: unchecked_low_calls;,0x50f7c95b7e82ea5e0953de8c7ead20a9dd289ec2
smartbugs_results,91: arithmetic; 99: arithmetic;,0x493bf3ddd4873c44f4e1def244ff506b56e4e676
smartbugs_results,291: reentrancy;,0x8f7d3f14610bcd08f0ae48e999473206e3df0d67
smartbugs_results,66: arithmetic; 76: arithmetic;,0xd1975a447d11a6721063d0c8669701832e074e7b
smartbugs_results,130: arithmetic;,0xfb6950e61554ae624bdf3bb220d5ed240c613c21
smartbugs_results,161: arithmetic; 162: arithmetic;,0x4a0b4540317d156d89a8465041569ad68102d6cd
smartbugs_results,159: denial_service; 161: arithmetic; 175: denial_service; 176: arithmetic; 348: denial_service; 349: arithmetic; 400: denial_service; 422: denial_service; 472: denial_service;,0x4f4e76761eb0a5a2992a6f3ab1c90a874450ecca
smartbugs_results,9: denial_service; 10: reentrancy;,0x4763fc5d561abbb2486c4408d9670f337e2bf5d9
smartbugs_results,24: denial_service;,0x4032a725b81cfd0cdb519933cc6084d9b22175c0
smartbugs_results,119: reentrancy; 345: denial_service;,0xe15551395a6832439b54d21e892ebe6c90a49b5a
smartbugs_results,129: arithmetic;,0xa33274b924e439c119e36e0f2186de074634d12c
smartbugs_results,117: denial_service; 123: denial_service;,0xe835ff336cdf23fa73f01922907d7b979d074949
smartbugs_results,74: arithmetic; 74: arithmetic; 171: arithmetic; 206: arithmetic;,0x745fa4002332c020f6a05b3fe04bccf060e36dd3
smartbugs_results,115: denial_service; 143: denial_service; 214: denial_service; 231: denial_service;,0x73d100cfb06c91ef649f442eda7ac6dc80138095
smartbugs_results,121: arithmetic; 130: arithmetic; 149: arithmetic; 150: arithmetic;,0xca58cf6d68344a2b13f0f62d29351466ee4d7c76
smartbugs_results,520: time_manipulation; 662: time_manipulation; 685: time_manipulation; 689: time_manipulation; 710: time_manipulation; 855: time_manipulation; 863: time_manipulation; 909: time_manipulation; 920: time_manipulation; 1090: time_manipulation; 1114: time_manipulation;,0xc7fe58719b3db1e276559a14cb72a488f1413bdb
smartbugs_results,201: time_manipulation; 336: time_manipulation; 384: time_manipulation; 385: time_manipulation;,0x14af9f889078e991af26781a27264e8b552b70a3
smartbugs_results,31: arithmetic; 39: arithmetic;,0xb47f7059e3706c0ccf270ba11f1747a137f9fd12
smartbugs_results,50: arithmetic; 60: arithmetic;,0xcb7281e00cc38bf96e6d0bec68ea9b5524efbb8e
smartbugs_results,337: time_manipulation; 401: time_manipulation;,0x6ad52430f45006ce06a81212a1c0ac14b8137911
smartbugs_results,93: arithmetic; 104: arithmetic;,0x9367863796a1f0992a8c256fe83ef8bcd307c199
smartbugs_results,62: arithmetic; 77: arithmetic; 122: arithmetic; 123: arithmetic;,0xcc571c9b0dcc48b8afc34bb16e3b450a5b0fc84f
smartbugs_results,128: arithmetic; 146: arithmetic;,0x32aa57065bb9db9fd077708fb2365951adbeed6e
smartbugs_results,456: time_manipulation;,0xeca8d4cb072af5d3e59b0460e072e60cd922ff7e
smartbugs_results,74: access_control;,0xc696f5c377afcff55ecefbcc89c2b73b90c43a51
smartbugs_results,42: denial_service;,0xd31b8e0219bd83678978f6db531d9a3f45608894
smartbugs_results,765: time_manipulation; 744: time_manipulation; 814: time_manipulation; 825: time_manipulation;,0x1c96f2547ef02abbcf6b5af99c9d9b186c9ca98e
smartbugs_results,132: arithmetic;,0xa32cd833344f831bc6dc074ab63f39d97cf8f32c
smartbugs_results,50: arithmetic; 60: arithmetic;,0xc4a9f69bcd373565038c6f0884864c931650394f
smartbugs_results,48: arithmetic; 57: arithmetic;,0x9a047528f22a24c50519ec60a0537e554b246a33
smartbugs_results,130: arithmetic;,0xcfe109c184ee70dcb9954029de995847f0fe4b3f
smartbugs_results,573: time_manipulation; 628: time_manipulation; 770: denial_service; 801: time_manipulation;,0x08e8fa889fc02163a6f5c3766b985d9bc05a60dc
smartbugs_results,131: arithmetic; 149: arithmetic;,0x1860f46ead9368164cb70d35e163e7ab8e51dfc4
smartbugs_results,130: arithmetic;,0xc7ff1e126cc81e816915ff48c940ed9d4e6d05d6
smartbugs_results,131: arithmetic; 149: arithmetic;,0xf3837fa9e62691a4eec8fd7d65ef8678d92eecf0
smartbugs_results,58: denial_service; 349: reentrancy; 366: reentrancy; 349: unchecked_low_calls; 366: unchecked_low_calls; 377: denial_service;,0x7cbb6bf92a288fa3e28cb32a60e4cc0c88d8f2bf
smartbugs_results,46: arithmetic; 54: arithmetic;,0xbf7c4214b9548cb40c24fdf8e34536b71fbb2724
smartbugs_results,65: unchecked_low_calls;,0x3ac26f27595effeb5e426bd093081ec30ebdd545
smartbugs_results,131: arithmetic; 149: arithmetic;,0xaa8611212840c82c1e288d0d6edc58b693252e5b
smartbugs_results,129: arithmetic;,0xf23ee36fa504a84cf717cc9a50de30770dd5337f
smartbugs_results,95: arithmetic;,0xaa7e837b406097e5f597f5705cc2b125b1464bfe
smartbugs_results,54: denial_service;,0xc70c35925d89f015b8ee2337986372107435deb8
smartbugs_results,157: arithmetic; 164: arithmetic;,0xc310755f88145cabcaa06c714cd668b5465dceaa
smartbugs_results,129: arithmetic;,0xb81e206c28e80e85673551c59599fd109a1fe0da
smartbugs_results,145: reentrancy;,0xd37f29d1cd9f379b3f9363453725ed971190aeca
smartbugs_results,52: arithmetic; 62: arithmetic;,0xe1212d3f00ea83ad8c0ae8ea65fc3098ecf9d034
smartbugs_results,68: arithmetic; 69: arithmetic;,0xb7a9bf7cc64ad5d8e625d7326ec0ecdb2d4e3a14
smartbugs_results,131: arithmetic; 149: arithmetic;,0xff51d88689dbc44def2e9272a2966c8beca9febc
smartbugs_results,133: arithmetic; 168: arithmetic;,0x42cee7dd9b47c2cee35ca996a712e8c99471d46f
smartbugs_results,212: arithmetic;,0x3b74618d5c023de31bd90fcdf5875099de46a864
smartbugs_results,50: arithmetic; 60: arithmetic;,0xb2700da952d0d81efbeeb8435df4dbd712dfd239
smartbugs_results,283: denial_service; 430: reentrancy; 448: denial_service; 492: denial_service; 506: denial_service;,0x3219663cbd7a5b39a9f2be3f23d07e3ce0eb6d58
smartbugs_results,185: time_manipulation; 186: time_manipulation; 209: time_manipulation;,0xd2df59cfcd5086264532936afde48a5312ce96bb
smartbugs_results,509: time_manipulation; 892: time_manipulation; 903: time_manipulation; 1070: time_manipulation; 1094: time_manipulation; 1310: time_manipulation; 1318: reentrancy;,0xcc8aabf5199a93c6cff2495761cbb70e056b41a5
smartbugs_results,129: arithmetic;,0x82a438ab3b2df8ade0bfc437a34e042d98771980
smartbugs_results,114: arithmetic;,0x1d47272ff4f1a2b119134e933cf973c40b7d67c0
smartbugs_results,129: arithmetic;,0x7563fb1cf29a9cba24bdbb356fefdea82d77cb1d
smartbugs_results,129: arithmetic;,0xf4eccd84795e1d292f6721908b44faff6abcf6b0
smartbugs_results,125: arithmetic;,0xb417fa71a03a9badbf962589f2478353fd5693e2
smartbugs_results,116: arithmetic;,0xb5fb3862d6b0aff7626b9b16d4b33c7cc1e4306f
smartbugs_results,66: arithmetic; 76: arithmetic;,0x6bf9dba12596968f6674180bd5926cfd82140390
smartbugs_results,129: arithmetic;,0xfa8a5aa144f4e9fef3c1506ccc4ad3dcc5799fd0
smartbugs_results,57: reentrancy;,0x5787ab49b154a9307163f6125781ce9067ec03a6
smartbugs_results,124: arithmetic;,0x98ab4a70bf27afad6e0e88464cbffc524e7daf6b
smartbugs_results,129: arithmetic;,0xceb99b21d2c9cb017d4fe97e48962a89e579b744
smartbugs_results,129: arithmetic;,0x761d808dda8ad73a819264f7bd459f2451770f76
smartbugs_results,129: arithmetic;,0x6a0d52e162fa1994f25fef0cdc0a3c52efad3e6d
smartbugs_results,114: arithmetic;,0xa6b44770b737ea56554e2542c58637409594c630
smartbugs_results,238: unchecked_low_calls;,0x8ce2236bb743ef077409b43e541eaa4f5b928db3
smartbugs_results,126: arithmetic;,0x2e5fdddf58e8deda84211639d52119ceb0925871
smartbugs_results,129: arithmetic;,0xa3076afebed9558e3c09e7bbb913f611a1547619
smartbugs_results,129: arithmetic;,0x6ffeb92890ca49eec56425baf2e38e82deab79b8
smartbugs_results,212: arithmetic;,0x058f4de2ce00b8d68905ca9eae550b326bd9d691
smartbugs_results,144: arithmetic;,0xd9555279b1c18b7aa388f053ebc0ab22e2497964
smartbugs_results,129: arithmetic;,0x2b0cc10247359b1faf46345dbb94b439e2a83143
smartbugs_results,129: arithmetic;,0xdbccc8984ae631c69403f4c8a5a37f8b7c17873b
smartbugs_results,83: arithmetic;,0x60cea7a8a2542e32b58b045eed8f3e023f9ad050
smartbugs_results,257: arithmetic;,0x9688af29e756e66c5e4257ef2e8b4cc99ceea74d
smartbugs_results,129: arithmetic;,0xddd6140c8adb1180e332c0ed191b750e9545df86
smartbugs_results,129: arithmetic;,0x1a5e8ace39857ff6882518cea475da59729ebb9b
smartbugs_results,85: arithmetic;,0x7dd23f3aefcad5b4a1cd7d4d4e77bdc487b52580
smartbugs_results,26: arithmetic; 253: arithmetic;,0xfa3859ec80c591804a75ac7859a5099531f4f8da
smartbugs_results,114: arithmetic;,0xc3a007ee74b71fb09a1fd0296f643438e207df00
smartbugs_results,237: arithmetic;,0xd86537f88d095eb63cfa9c19b816da8736b94a35
smartbugs_results,95: arithmetic;,0x6cf8fcc9db80b7db3078afefa939524aa496266a
smartbugs_results,129: arithmetic;,0x6d764e5ba1da7f5affd9d4ac00e2dd8bf41cc2aa
smartbugs_results,129: arithmetic;,0xf8aa15c842a9db33af6c7d4abf890ca71caa27c1
smartbugs_results,116: arithmetic;,0x8b392bec1eb2df9daea83110a1397a0d86c736f6
smartbugs_results,125: arithmetic;,0xe525047ad468f807aa33a4bbe7b1e084da56ea16
smartbugs_results,125: arithmetic;,0x26c69e1b26553030a455e6bfd717bda20167a056
smartbugs_results,125: arithmetic;,0xe40f5372d850b50ce8e990ee0845494c0230bee4
smartbugs_results,132: arithmetic; 217: time_manipulation;,0xcd992d8e9fd9272b60abb96b4b9481603192f3b8
smartbugs_results,104: arithmetic;,0x69f97965116005a55c4ce4cccdbc7ee789efbb97
smartbugs_results,383: time_manipulation;,0x3bb3354f82654dd609300e92c92cf2c7c1bf3171
smartbugs_results,132: arithmetic;,0x059292d816576f2e28a2788f4a744df4425e4b70
smartbugs_results,52: arithmetic; 62: arithmetic;,0xf2c25a4e18085c24c8895fcb0aee389fb77b3f61
smartbugs_results,125: arithmetic; 210: time_manipulation;,0xf47c61a2d0ed6067110bdf9d0541682dfed0148d
smartbugs_results,77: arithmetic; 88: arithmetic;,0xdfb046c434baefc30c607137e14729ae70fba4b7
smartbugs_results,129: arithmetic;,0x062e45572dac9120573d87e1d3dd0d2c885effa5
smartbugs_results,130: arithmetic;,0xc0c45cbb1dce225cf620c36807a1cdecb85feda5
smartbugs_results,123: arithmetic;,0xe1aa783bb58eeb39b3283143a10b35c7f5371a14
smartbugs_results,52: arithmetic; 62: arithmetic;,0x0712e1506f9bf1c66c8ba997ff1bf998a057d536
smartbugs_results,129: arithmetic;,0x8a80466581496cf1408e492c9cf1801df17f0d4b
smartbugs_results,132: arithmetic; 217: time_manipulation;,0xcddbea34e7602f17fb661f4d2e59fe561f11e753
smartbugs_results,129: arithmetic;,0x9372ea151e874f3638ba9950c15aa4b136748d58
smartbugs_results,106: arithmetic;,0xce43ae89eafdc9286d1c7dbe1569ee27edc9b6c7
smartbugs_results,129: arithmetic;,0xf8a61f35e951eab5da4ac234caaf80baf5d51954
smartbugs_results,93: arithmetic; 220: denial_service; 337: time_manipulation;,0x67981cfec8acae7e57d82e50fd40d20e801b325a
smartbugs_results,129: arithmetic;,0x84e12637f9ee83a3985f1a3e1dfcfbb72e5aa927
smartbugs_results,132: arithmetic; 217: time_manipulation;,0xbec71d448cf23ed34a3ffad2c5456990e530057d
smartbugs_results,132: arithmetic; 217: time_manipulation;,0xcf9b7ce5a25a1439804b437dad7aee496c5283ea
smartbugs_results,126: arithmetic; 211: time_manipulation;,0xb0ce867bf4cc52d13f79155dcd398de62bc5f111
smartbugs_results,128: arithmetic;,0x2c517ca8a224fc0aa64b824e935658211f832e14
smartbugs_results,150: arithmetic;,0xc9e86029bd081af490ce39a3bcb1bccf99d33cff
smartbugs_results,129: arithmetic;,0xced217a4f9578f3c7f750ec84552b47211ea0e84
smartbugs_results,128: arithmetic;,0x79295dfe13bb03ec1457e0b833f471f6707c3716
smartbugs_results,131: arithmetic;,0x721b5a1bcaf5da7d8f86fba75f54eebd461d3380
smartbugs_results,129: arithmetic;,0x674f75c7dfb4cae2a057353b538cf568bf121426
smartbugs_results,129: arithmetic;,0x4c7bc4d7c5e2ed2f14f8722b7ded6c615d578c1e
smartbugs_results,44: denial_service; 51: denial_service; 72: time_manipulation; 89: arithmetic; 91: arithmetic; 97: time_manipulation; 98: time_manipulation; 106: arithmetic; 109: arithmetic;,0x948eb63729f5b53c617fb8e4cd3fca8d9a7ec902
smartbugs_results,55: arithmetic; 65: arithmetic;,0xb07a57ef60eda0a0b90901d3e632be919bad2355
smartbugs_results,891: denial_service; 174: denial_service; 188: denial_service; 636: time_manipulation; 1985: denial_service;,0xfe878b9e30eaf414fcb6c4d89e3df8a7e094ee4a
smartbugs_results,8: access_control;,0xb73b2dfc6d756a8726ad7f5ed713f527ece697b5
smartbugs_results,129: arithmetic;,0x3d166dd13dfdca66879bdd45dc224d07c8855cdb
smartbugs_results,132: arithmetic; 217: time_manipulation;,0x0fcff19d293a50ca03446100c3957e886043d147
smartbugs_results,129: arithmetic;,0xda74e59ab4f4d6a5ddd1b4bf426f3faf435870a3
smartbugs_results,114: arithmetic;,0x40c37192f32be790e1ce15c219fe150c0bb6455f
smartbugs_results,104: arithmetic; 182: arithmetic;,0x195724b607fca7a38533ea10e3b7040b43484cbf
smartbugs_results,86: arithmetic;,0xdbb9a1c65b7b58640cc0580667a6a543048e5453
smartbugs_results,129: arithmetic;,0x277ed9ecdc0862f287462030fbbbb006a30ac676
smartbugs_results,129: arithmetic;,0xd5597e2a2b51b933317b40f970dd9aa13a270a76
smartbugs_results,129: arithmetic;,0xfc8268435efe1a6f498eadbee8ad67990282b791
smartbugs_results,129: arithmetic;,0x486e70cbeaa30343aca50c06c49878943d106224
smartbugs_results,129: arithmetic;,0x1af79fb7772ebafebcfd5cc79e67281a814ccb1d
smartbugs_results,99: arithmetic;,0xd65799e05d5116f864ca1ccb4d2e176db501ad4f
smartbugs_results,129: arithmetic;,0x530f88515c27f589fab6e26960863f24c9683240
smartbugs_results,126: arithmetic;,0x574a4292c9d910b0b280f542f1f88c5389df56cf
smartbugs_results,182: arithmetic;,0x736797ce7f301fd4de03ea865a3a91ae3def66bc
smartbugs_results,129: arithmetic;,0x0a425122852ed351946a828b348bfdcda51effd8
smartbugs_results,119: arithmetic;,0x2bf2d5b964bc5e3dd009715546daa6f91b62e41b
smartbugs_results,95: arithmetic;,0x005f977f633d1c23748294671b0e69f3512e6702
smartbugs_results,129: arithmetic;,0xe8b30d4aa98740ee2910ede1df7bdd0a840a3fd5
smartbugs_results,113: arithmetic;,0x98a6d8a22acc4e67bac000d975bd392338d9068a
smartbugs_results,118: arithmetic;,0xa427451a26d3419d75cb79f835c4b2e898a93ba4
smartbugs_results,119: arithmetic;,0xd6b87427bc00bdebd4c31d922b238b3f7b8a1334
smartbugs_results,120: arithmetic; 203: time_manipulation;,0x91fe1bb9ec34aa1e3a44391c3c9ec6634316a7f1
smartbugs_results,563: arithmetic;,0x55886834ca9bbca9f9e49ee188e878e094b7431c
smartbugs_results,100: arithmetic;,0x9c2c064f9514b871fb8fd55cbbec5c9ab7ce24f6
smartbugs_results,129: arithmetic;,0xd823fd0090750196eb8cf9357fbd94278d5193d8
smartbugs_results,129: arithmetic;,0xaa8aec21ca455873f63bdd570d81674ae5bb73d5
smartbugs_results,129: arithmetic;,0x5abaff0b83f81dc061c590aadcba013c69237fd7
smartbugs_results,127: arithmetic; 207: time_manipulation;,0xc7130eabaf24429a3963aff68b51ed31f2686097
smartbugs_results,291: time_manipulation; 293: time_manipulation; 295: time_manipulation; 297: time_manipulation;,0x1f63781b2d2b3eb12239ba397874c6741fbcc75b
smartbugs_results,130: arithmetic; 214: time_manipulation;,0xe9fc1fdaad4dcf78edc701854683bb30cc365133
smartbugs_results,130: arithmetic;,0xbad5b99fe15acea44a9fcf823258af25eebc1648
smartbugs_results,129: arithmetic;,0x92bd03763bbebf224ea889dcd4f0f1834b81ee1d
smartbugs_results,129: arithmetic;,0x1ab345a819eb8c2c4708a82e046a7a16ed534984
smartbugs_results,122: arithmetic;,0xc230ce24b527ed4caf97310753330a2965f3a4bd
smartbugs_results,132: arithmetic; 217: time_manipulation;,0x4cee97ddd88f0bec86dd4b4163ca499a9790c3df
smartbugs_results,118: arithmetic;,0x087a0b00a72af2b0885e34ad801a03654c2fe10c
smartbugs_results,129: arithmetic;,0x7121d8ce8eff1f49384bce78db7d5217030d8adf
smartbugs_results,129: arithmetic;,0xe9a8ba9c82d63a2b2cc04f3b76f42c0a72cdc06b
smartbugs_results,129: arithmetic;,0xd5721ab44e36bb422993362df66f8ea8b6d91c50
smartbugs_results,129: arithmetic;,0x9ee1a5439ffd293619522309856f518d6160fa40
smartbugs_results,135: arithmetic; 220: time_manipulation;,0xbf510c045eeb72cfdefd985e351e32d38df87a6d
smartbugs_results,129: arithmetic;,0xe245aa7191fa523a7f109d3503808f37c1c2ce3b
smartbugs_results,129: arithmetic;,0x14614a2fdaae9e0ca4ec2d31cb904d09b5753d52
smartbugs_results,129: arithmetic;,0xec1cad815b5e8f0f86bb8fb2add2774886e79cf0
smartbugs_results,131: arithmetic; 149: arithmetic;,0x976c1926b162f4cebbd461a39fe5e5a695c132ae
smartbugs_results,114: arithmetic;,0xa0bab5dce6e80b0b2ced32ba52bea15c7abdbab9
smartbugs_results,129: arithmetic;,0xa8168f771ed694f4fc1ee1c94b0b21d9e5b6f801
smartbugs_results,118: arithmetic;,0xab7e4ae99d7bfff4de8322ab915e9066857227f0
smartbugs_results,111: arithmetic;,0x168a9b02f1152b998f5279bcea1b282aa5ad3a18
smartbugs_results,210: arithmetic;,0xd676d271c12c743ee8a8253f32cb7227cf547f51
smartbugs_results,118: arithmetic;,0xad7d6f3caeab82428ba4c5e779419e06c7725a8a
smartbugs_results,351: denial_service; 360: arithmetic; 364: arithmetic; 365: arithmetic; 366: arithmetic;,0x5070832e17e2042754ccd86f28b9d21fcb0e1567
smartbugs_results,130: arithmetic; 148: arithmetic;,0xe0d41eb7b810e9bf9f309099b9766421b043d197
smartbugs_results,58: denial_service;,0xaaf73499dbcf94652402957735e4b4555ce3302b
smartbugs_results,214: arithmetic; 231: arithmetic; 270: time_manipulation; 908: denial_service; 1346: arithmetic; 1347: arithmetic; 1348: arithmetic; 1349: arithmetic; 1350: arithmetic;,0x1ac21b27f5683cc87e7cc853d6d4c052b08f0fe4
smartbugs_results,25: arithmetic; 62: arithmetic;,0xbfd4a3c26996dfc9e85a951eb615aac3b84c758b
smartbugs_results,145: time_manipulation; 148: time_manipulation; 153: time_manipulation; 168: time_manipulation; 713: time_manipulation; 178: time_manipulation; 192: time_manipulation; 216: time_manipulation; 219: time_manipulation; 235: arithmetic; 232: arithmetic;,0x36cddd1281258e4373ad313a995272f525cc4e63
smartbugs_results,79: arithmetic; 88: arithmetic;,0x202e295df742befa5e94e9123149360db9d9f2dc
smartbugs_results,88: arithmetic; 98: arithmetic;,0x2880163d22b8742a8736b21ae9f8b7f239a22243
smartbugs_results,78: arithmetic; 88: arithmetic;,0xcd0506fa31ed0900b062e03d257e5e9b5063068a
smartbugs_results,73: arithmetic; 83: arithmetic;,0x2e441fad7ab02ed366d9a6608b0103ab3d896da2
smartbugs_results,74: arithmetic; 83: arithmetic;,0xaa72930ffb678422fd8c8b6f8369dc71aa2df9c2
smartbugs_results,86: arithmetic; 96: arithmetic;,0xe1adb04a93d76588bba237e042202ac83942689e
smartbugs_results,74: arithmetic; 83: arithmetic;,0xdddac563f88849dcda5ce35e9bebe17ac5f016e5
smartbugs_results,74: arithmetic; 83: arithmetic;,0x018b7f23490a23fe29a33d3c8f92fe445c1f7a5b
smartbugs_results,74: arithmetic; 83: arithmetic;,0xb808ab0944eb6cef4049aebfbcaa5d79206a29c6
smartbugs_results,86: arithmetic; 96: arithmetic;,0xe87f69f41a01e89cfe704fc4c6e238f8f8538570
smartbugs_results,74: arithmetic; 83: arithmetic;,0x9ec0d8e8a072902cac28b03fa4cf033893e7e9a5
smartbugs_results,159: arithmetic; 168: arithmetic; 258: denial_service; 280: access_control;,0x059468db0af9a1c0079ee0fc1d5773aec585cc72
smartbugs_results,88: arithmetic; 98: arithmetic;,0x4167d848c1bb1dd307347a24cb009eeba66fa16f
smartbugs_results,108: arithmetic; 118: arithmetic; 159: arithmetic; 160: arithmetic;,0xb57e2ec276460a993393ca1bb2bdae6c8170c73a
smartbugs_results,78: arithmetic; 87: arithmetic;,0x41a2b73088bc4c9ce758a3fe039b13cb37aa774e
smartbugs_results,74: arithmetic; 83: arithmetic;,0xd5cd8b678360ccc6e026d575d5ea801466d2b114
smartbugs_results,139: time_manipulation; 150: arithmetic; 160: arithmetic;,0x27ba840c2e65d54455434533daade769333f4aff
smartbugs_results,73: arithmetic; 82: arithmetic;,0x92fe20bfcef78342ac676bd0a61b03f8dcdce0ab
smartbugs_results,61: arithmetic; 71: arithmetic;,0x1ef57424c7f38628a0e25177ff61a671fbe4b405
smartbugs_results,108: arithmetic; 118: arithmetic;,0x45a353132143f475b355620ad9d7413d0222ea04
smartbugs_results,93: arithmetic; 94: arithmetic;,0x42f67fe3c40b90c00adee3377f92afc3cb9fa8ac
smartbugs_results,58: arithmetic; 67: arithmetic; 113: arithmetic;,0xcb2ab9fdb42de8955987304009494ee4c2a08852
smartbugs_results,132: access_control;,0xc2cfd5c2524e1a0b0b649c8184c9faf21d1d791f
smartbugs_results,82: arithmetic; 71: arithmetic;,0x9d217e88f9eb6271f8d162b7ae6bf39a8bfbc792
smartbugs_results,52: arithmetic; 62: arithmetic;,0x2abb51b241c7363651cb51c76ae989bd0458da6b
smartbugs_results,153: arithmetic; 171: arithmetic;,0xf2e1f0f6d76b60963b46ee9ddb6797696a0b64ee
smartbugs_results,58: arithmetic; 58: access_control;,0x7b6c511a94d35b9cf9979b727335c9798edb5c64
smartbugs_results,416: time_manipulation; 416: denial_service; 418: arithmetic; 433: time_manipulation;,0x3c2d8b8536d4bc6bad21e04d30fed77caf67106b
smartbugs_results,184: denial_service;,0x5f633062a6118252c280f3c1a6dfcf0bf49101fd
smartbugs_results,127: arithmetic; 145: arithmetic;,0x08218bee367909e86c909edd463730ff28a79346
smartbugs_results,194: time_manipulation; 234: time_manipulation; 237: time_manipulation; 240: time_manipulation; 243: time_manipulation;,0xadb41fcd3df9ff681680203a074271d3b3dae526
smartbugs_results,105: reentrancy; 105: unchecked_low_calls;,0x1f4a9567c1f98a8c9d7f026827f099b41a2e54d6
smartbugs_results,170: time_manipulation; 194: time_manipulation; 206: time_manipulation;,0x6daa60ed2b441a64d128c9d3b0a168d8245c3d1a
smartbugs_results,256: time_manipulation; 272: time_manipulation;,0x5b7e1eb8623e7d71572254b92dff0c5ac5d21950
smartbugs_results,182: arithmetic;,0x6fbc1b8f756f43cfbfd45085380cc375650ff3d6
smartbugs_results,52: arithmetic; 62: arithmetic;,0x0814fd0ee6a86cae9f0f16fda5d4b63f19282fe6
smartbugs_results,165: time_manipulation; 154: arithmetic; 183: arithmetic;,0xa2b6d9e310893c24fa61129e92070b9b40d02016
smartbugs_results,52: arithmetic;,0xc1993e3fd0087b7ff3f7ca6b5a566ad8c3c7eb9b
smartbugs_results,262: time_manipulation; 264: time_manipulation; 266: time_manipulation;,0x0df6f67b17c515b5a78b1b38fa9d6c171f65abf3
smartbugs_results,75: access_control; 168: time_manipulation; 171: time_manipulation; 224: time_manipulation; 235: denial_service;,0xa173d87a805458612677810b4dd42e865d23a3fc
smartbugs_results,856: time_manipulation; 1091: time_manipulation; 1115: time_manipulation; 1325: time_manipulation; 1329: time_manipulation;,0x1ca95b07290db4cb91f9efc9060a8df2a8eaff00
smartbugs_results,148: arithmetic; 166: arithmetic; 234: access_control;,0x22465e9bb3ff5917b84928cdf4eb803605eb1b6d
smartbugs_results,80: time_manipulation; 91: access_control;,0xeb3488b4907b752632270ecb89ad38e63c2d4913
smartbugs_results,56: time_manipulation; 73: access_control;,0xe2f71caa4b28e462e10ddf3e7771b88570a9615b
smartbugs_results,70: arithmetic; 80: arithmetic; 255: time_manipulation; 258: time_manipulation; 261: time_manipulation; 3232: time_manipulation;,0x24102059abd9183f81613040030d2040dfa36b58
smartbugs_results,50: arithmetic; 60: arithmetic; 118: arithmetic; 119: arithmetic;,0xc2ac3819e7052c1193617da618c753914ba5f7ac
smartbugs_results,206: arithmetic; 214: arithmetic; 215: arithmetic; 249: denial_service;,0x13b849156c1e6d0ead6605562ed9268b9ffd1736
smartbugs_results,254: access_control; 250: arithmetic;,0x001f52daa8a4f7b9b26da16baf449c0d270dbe63
smartbugs_results,24: arithmetic; 50: arithmetic;,0xfe139e9c13755d8dd21550aaa27466ff40870227
smartbugs_results,59: arithmetic; 69: arithmetic;,0xcbc09a466a8b0b8cac35e2aaaea116107eae352e
smartbugs_results,131: arithmetic; 149: arithmetic;,0x1f66daf4715a650834f54484ba39c428dd99707b
smartbugs_results,563: time_manipulation; 318: denial_service; 350: denial_service; 793: time_manipulation; 819: time_manipulation;,0xba5a17c1af87193b1c2bb1d8e28b1f9ca80332fc
smartbugs_results,140: denial_service;,0xe8000eca2e1f0fe64db50bd3c1a6080ea90e6b46
smartbugs_results,690: time_manipulation; 714: time_manipulation; 777: time_manipulation; 778: time_manipulation; 779: time_manipulation; 787: denial_service; 892: time_manipulation; 893: time_manipulation;,0xc56469aee0113139c64f1674571f7c30dfce57ea
smartbugs_results,185: time_manipulation; 186: time_manipulation; 209: time_manipulation;,0xb7907469e0b80d56879c29ff1f16c76c3399aad0
smartbugs_results,50: arithmetic; 60: arithmetic; 118: arithmetic; 119: arithmetic;,0x31b075165298e6fe352fa7e2ed550d2d28701496
smartbugs_results,181: denial_service;,0xbad1a84d8bb34cbb20a0884fa2b9714323530558
smartbugs_results,161: arithmetic; 161: access_control; 163: arithmetic; 163: access_control;,0xf15f61643eea73be40ad9b72c09ed381fac7a256
smartbugs_results,396: denial_service; 427: access_control;,0x1c4b7d0e1885bd7667af3378e0c538f74e712006
smartbugs_results,24: arithmetic; 35: arithmetic;,0xc645aeaaa073d73254a49156e69b3e16bb3a25e4
smartbugs_results,222: arithmetic; 240: arithmetic; 374: time_manipulation; 477: time_manipulation;,0x3d442cb873635ac9993ba86d0bcf6d00f526c6a0
smartbugs_results,181: time_manipulation; 184: time_manipulation; 187: time_manipulation; 190: time_manipulation; 193: time_manipulation; 196: time_manipulation; 198: time_manipulation; 208: time_manipulation; 282: access_control;,0x1bd4e709a076fb71ea1014293a739f2b19ca565d
smartbugs_results,48: arithmetic; 49: arithmetic; 50: access_control;,0x5e28c035a22c9a755a69e9f7ce80e5ca01e8b795
smartbugs_results,51: arithmetic; 61: arithmetic;,0xa6a36c83cfdb3d3745e7b22f2bc14f41e67e4fce
smartbugs_results,127: arithmetic; 145: arithmetic;,0xc994c7dad298ba5c0573e024bf4904b200f5b4d7
smartbugs_results,24: arithmetic; 50: arithmetic;,0xbc804672f1209dad840d6dbc3e682c674247b465
smartbugs_results,130: access_control;,0xc6f06604c8968f62d4d954f4a056027da0ed6a68
smartbugs_results,80: arithmetic; 90: arithmetic;,0x15b683f780736217a34a058ec8179595e8a84c5b
smartbugs_results,159: arithmetic; 177: arithmetic; 229: arithmetic; 221: arithmetic;,0x3a8a6d2bc23fb68a245250ad34019a65cf057418
smartbugs_results,131: arithmetic; 149: arithmetic;,0x1c0bc7225f6ffafbf794aa2a7a4a92cf9d8e5c9c
smartbugs_results,78: arithmetic; 142: arithmetic;,0x818ebdad12d3decefabe6ccb16f33c9bbfe1b30a
smartbugs_results,57: denial_service;,0xdd16ef1b7f30cbebf00807515375dc252957713b
smartbugs_results,377: access_control; 324: denial_service;,0x3845f2534e6db61d3c093a84fa6b3672c895c91b
smartbugs_results,131: arithmetic; 149: arithmetic;,0xff320999844e24a42945480252b1ac5dd56c72c4
smartbugs_results,254: time_manipulation; 262: time_manipulation; 264: time_manipulation; 266: time_manipulation;,0xdf21709ef015de7f72e9e532a22694ac0572194d
smartbugs_results,267: time_manipulation;,0xaf13c1914b9547e6452b9ef7cd795c6dea761a25
smartbugs_results,220: time_manipulation; 251: time_manipulation;,0xf0300337e920ae843040a71584f870ae719bf5ed
smartbugs_results,52: arithmetic; 62: arithmetic;,0x5b43d6ac79bc4b89ca1f9cfd5b76f7355aae2781
smartbugs_results,50: time_manipulation;,0x549b38e8e5fb1ba4acd4187d8b7c8a04deb53206
smartbugs_results,167: arithmetic; 149: arithmetic;,0xf4555ccf9f069366b0a9b847e4f23f978cfe74c0
smartbugs_results,52: arithmetic; 62: arithmetic;,0xf6ae53deb55a385d47cd2a3a50d54f4a39ab532c
smartbugs_results,52: arithmetic; 62: arithmetic;,0xd9c958934e5b70093320fbe001b5e5bc1c0f6af9
smartbugs_results,92: arithmetic; 108: arithmetic;,0x6bcfcc7035dbe589e9c0c91260772630ce92f25b
smartbugs_results,156: arithmetic;,0x6bce536e0a938dc19dbcbb045b46b93c3d13620b
smartbugs_results,52: arithmetic; 62: arithmetic;,0xa843565f9ad1c3e1c725f8922e110e7b851c64e3
smartbugs_results,31: arithmetic;,0x25690aa07c4b1de261523380897f374d90a19f02
smartbugs_results,662: time_manipulation; 757: time_manipulation; 758: time_manipulation;,0x37dad2f4f477b085c5e91a10d6a5eab6dab6a445
smartbugs_results,44: arithmetic; 51: arithmetic;,0x14338e7e14861c68984e5d5da191c31dd3309945
smartbugs_results,219: time_manipulation; 318: time_manipulation;,0xb8fc015d8e495d315640ee6baa7b5f9b1d312b6c
smartbugs_results,333: time_manipulation; 358: time_manipulation;,0x33a615778ed8206c4462c67b2830220eea65bb92
smartbugs_results,153: arithmetic; 154: arithmetic;,0xd0b13c1195f1c50be0d3be956ff32aaebb48e1e4
smartbugs_results,184: time_manipulation; 189: time_manipulation; 194: time_manipulation;,0xb49d92c01cd4f099034fd66f836170b16879a1a1
smartbugs_results,50: arithmetic; 60: arithmetic;,0x38ef3d08efc74857cc129e9e6026b0d4db9aada9
smartbugs_results,169: arithmetic; 192: arithmetic; 193: arithmetic; 204: arithmetic; 205: arithmetic;,0x41f8d4d01ba8505111794e3fa3deb3ed8cbaa8ee
smartbugs_results,30: arithmetic;,0x940e7d8fb34921c3c5bbb8b9792b1a0e4688fe9b
smartbugs_results,123: time_manipulation; 331: time_manipulation;,0xe88b508cbfe9cc110d4aa7a77a93a0c8f06ab6a0
smartbugs_results,205: time_manipulation;,0x10c5f1edac69c65333c0059b0c9dbc60ef57835b
smartbugs_results,46: access_control; 95: arithmetic;,0xb5e7268539bbe78b8190ad61342dba7251551599
smartbugs_results,86: time_manipulation; 89: arithmetic; 136: arithmetic; 137: arithmetic; 149: time_manipulation; 167: arithmetic; 168: arithmetic; 169: arithmetic;,0x6aa03faa7856c5fb8671a174d742eedb46b12d66
smartbugs_results,43: arithmetic; 34: arithmetic; 93: arithmetic; 94: arithmetic; 100: arithmetic;,0x36c3c8139068ddf43f84ebbba43ce18b7c999cf7
smartbugs_results,19: time_manipulation; 38: arithmetic;,0xc08693c9545481a40ad148da556fe63653562e2b
smartbugs_results,757: denial_service; 757: arithmetic; 773: denial_service; 1383: denial_service;,0x5b2db92a43aa86fff2d9a3696a7ee264d03fc907
smartbugs_results,66: time_manipulation; 67: time_manipulation;,0x66145ee134cd72f7f51996019c4cbaee22e09abd
smartbugs_results,445: denial_service; 512: denial_service; 512: denial_service; 730: denial_service;,0xdf942b4f7aabf9325477208ac91b121c5a3c75fc
smartbugs_results,268: denial_service;,0x8db14c8839ee82609045fb55176c4142f54a6c47
smartbugs_results,401: time_manipulation; 406: time_manipulation; 476: denial_service; 406: time_manipulation; 467: arithmetic; 452: denial_service;,0xa174aeddeeb90a89ce8bc34b646d4fb708ee8b58
smartbugs_results,12: denial_service; 21: denial_service; 29: denial_service;,0xd152f549545093347a162dce210e7293f1452150
smartbugs_results,75: arithmetic; 76: arithmetic; 126: arithmetic;,0x19076bd01e86fa3d76334e27d4b8e6789688a42d
smartbugs_results,27: arithmetic; 35: arithmetic; 83: arithmetic; 84: arithmetic; 90: arithmetic;,0xaf22b84e6615ed80e37e07af8307365cb0cf987a
smartbugs_results,24: arithmetic; 50: arithmetic;,0x0be381344989b69cefb0ecfd9dfcb53d834be2f1
smartbugs_results,475: time_manipulation; 486: time_manipulation; 487: time_manipulation; 1114: time_manipulation;,0x63c339fd5aec526d6d2fb6acbec1d5847f704fa2
smartbugs_results,28: arithmetic; 35: arithmetic; 36: reentrancy;,0xd2be917afd50b81b585a5a96866658f9f90d811b
smartbugs_results,7: access_control;,0x1c80bf91b30c17019149acdb5ddc3dcb89122c8c
smartbugs_results,132: arithmetic; 150: arithmetic;,0xdb8ea10793899f6323ecd6b2cd510c005f14b116
smartbugs_results,31: arithmetic; 39: arithmetic;,0xdf561e84b7e6a4f695097bf2246082fb41988089
smartbugs_results,156: denial_service;,0xab1f8edc8fdc45cc8dce189029a563e6625f1f89
smartbugs_results,41: time_manipulation;,0xb8aa8971e9201d183d1dadf5acc5c3f6b3076bc0
smartbugs_results,333: time_manipulation; 334: time_manipulation; 441: time_manipulation; 445: time_manipulation; 449: time_manipulation;,0xfac73a67cd6520ccc8e44cd865022a2c07b9f1ab
smartbugs_results,16: access_control;,0xb7d7f0223c2330f09dc8f4fa8b124e9a24593e1b
smartbugs_results,1184: denial_service;,0x799946d6b94394f3859dad6b66b7fb60e6cd899a
smartbugs_results,75: denial_service;,0x085558b7561b51ffb0a4dabe7459d359c05b58cc
smartbugs_results,99: denial_service; 226: access_control;,0x960f401aed58668ef476ef02b2a2d43b83c261d8
smartbugs_results,100: arithmetic; 110: arithmetic;,0xa5bd843ea5fbf56e1579f7d99fb68efe4e07185f
smartbugs_results,136: arithmetic; 154: arithmetic;,0x3f6bac63d668975ba20f88508ecd4121677fa667
smartbugs_results,129: arithmetic;,0xb14b9f6501b89a61f33587b43d82d78e59001631
smartbugs_results,187: time_manipulation; 191: time_manipulation;,0xc5ab5caf9f0b3b895f64ad8ebfee8ceb2bf641ae
smartbugs_results,49: arithmetic; 59: arithmetic;,0xdfe6903f72ac76a712f8da88596fd858b061462f
smartbugs_results,101: denial_service;,0x93b4ed8ae7368d6e7faea387998ce3752d2370fc
smartbugs_results,140: arithmetic; 158: arithmetic;,0x35230624acd4f5ff320de29f8c8fa75d986715bc
smartbugs_results,576: arithmetic;,0x06df6fdbf7629c71aee3f468ba1ab702fa0abec9
smartbugs_results,123: arithmetic; 141: arithmetic;,0xf226df00c91ec1fd05e89382edeb7b4b12f6dfab
smartbugs_results,74: arithmetic; 83: arithmetic;,0xc28c2a4266f76fec6ac90aabcc17b3aee3b958d1
smartbugs_results,136: time_manipulation;,0xe2dcd10f43cd9229f253e5147a793e6f64283f2b
smartbugs_results,49: arithmetic; 59: arithmetic;,0xa57a171a6c1133d86f4d9b04289cead83d94e4e7
smartbugs_results,59: denial_service; 66: denial_service;,0xf87dd8cb684eeecc41fe2f490a085fedd51a4857
smartbugs_results,267: time_manipulation;,0x5293d719980b8a7a6e07d328c46aa0e726620ad4
smartbugs_results,24: arithmetic; 50: arithmetic;,0x153b359b49fe139b4d37c7ab152a23e89944ee94
smartbugs_results,29: arithmetic;,0xe8430a65dec837d87c4f6c0184a7eb56860815e5
smartbugs_results,24: arithmetic; 50: arithmetic;,0xeae9fb0d60bd3c99002c35ca8f1d24020eea80fc
smartbugs_results,24: arithmetic; 50: arithmetic;,0xa75a044b2645ffa8a565be2a0d3584062db73ddd
smartbugs_results,63: denial_service; 225: arithmetic; 226: arithmetic; 237: arithmetic; 238: arithmetic;,0xf5f2459f65bf754942a67d0d133eb913281403f5
smartbugs_results,377: time_manipulation; 288: time_manipulation; 289: time_manipulation; 401: time_manipulation; 669: denial_service;,0xbfc9154a280f28b0962d8cce9951e3c8ffca096d
smartbugs_results,131: arithmetic; 149: arithmetic;,0xc729c50c19d3b2f0049c9eec809b5cc175dbf489
smartbugs_results,52: arithmetic; 62: arithmetic;,0x188e80dfd3563bce2cfd6413666ba71e23a75d6c
smartbugs_results,19: arithmetic; 24: arithmetic;,0x472920d700172c3787c3538dfc6457fc516e871c
smartbugs_results,42: arithmetic; 49: arithmetic;,0x3b98c8f8f028060d0e0127843ee13f4b995a7960
smartbugs_results,188: time_manipulation;,0xfc089fefc545bfd7cb10e654e84ed710617c1492
smartbugs_results,18: arithmetic; 26: arithmetic;,0xc417e791fa2354215bb3c0a271e2603243aa7820
smartbugs_results,86: time_manipulation;,0xfd6ecfe1cc8cc5a0e49961b34c20ba6577c60df8
smartbugs_results,131: arithmetic; 149: arithmetic;,0xb8686de76034fd35330942125a300537395fbf5a
smartbugs_results,31: unchecked_low_calls;,0x2cf4ecf6785a7193183758e8e97f12ee5d67dfcd
smartbugs_results,139: arithmetic; 40: arithmetic; 65: arithmetic; 121: arithmetic; 148: arithmetic; 149: arithmetic; 161: arithmetic; 162: arithmetic;,0x82c46169b9f390ddfef57832a1d65f60e2878e22
smartbugs_results,149: arithmetic; 159: arithmetic;,0x5b29a6277c996b477d6632e60eef41268311ce1c
smartbugs_results,52: arithmetic; 62: arithmetic;,0xf85d9d73a69e7b2ea1a3029ca6ae70f9952b8e90
smartbugs_results,333: time_manipulation; 334: time_manipulation; 391: time_manipulation;,0xb43618967cd9f41b06b9ce6c9f37d1b08d67ab08
smartbugs_results,40: denial_service;,0xe57297258717ec66749fcfb4bf23869e252b03c3
smartbugs_results,58: arithmetic;,0xfecc464f0fa41f10f3a6a051b599db0426cb2460
smartbugs_results,50: arithmetic; 60: arithmetic;,0x86b8057499745b33779ef7ca1a59a00d460e88b6
smartbugs_results,114: denial_service; 456: reentrancy; 477: time_manipulation;,0xf603b0226b2901464e6833d1424340547ac0bce3
smartbugs_results,149: time_manipulation; 150: time_manipulation;,0x5019066b46ae4b8673085b609be366400f53871b
smartbugs_results,186: time_manipulation; 191: time_manipulation; 196: time_manipulation; 207: time_manipulation; 209: time_manipulation;,0xdca50347529f31c02855a48ed2b05262c41a29e2
smartbugs_results,150: arithmetic; 151: arithmetic; 166: arithmetic; 167: arithmetic; 179: reentrancy; 190: denial_service; 196: denial_service;,0x718f1892987a871fbe81462597e6dcd2900e127f
smartbugs_results,401: arithmetic;,0xe35e828b42d46d27fb4279b451db211c2002845a
smartbugs_results,118: arithmetic; 131: arithmetic; 173: arithmetic; 174: arithmetic;,0xad3a9f289fe8973fef4645c7b0ac875bbafef5c7
smartbugs_results,50: arithmetic; 60: arithmetic;,0xa7cbd4420238adcb81e0b2dfaf3347d0900207e0
smartbugs_results,285: arithmetic; 300: time_manipulation;,0x50d828b7dabeafbeaa0027d7c26a37e4c5fa97a8
smartbugs_results,63: arithmetic; 73: arithmetic; 131: arithmetic; 135: arithmetic; 136: arithmetic;,0x3d9a801720cdbce293edbc7d8dcd82d6ceaabbd3
smartbugs_results,120: arithmetic;,0xe4b930e7c9413e5080c1563c26652f637b0662c0
smartbugs_results,34: time_manipulation; 44: time_manipulation;,0x9828f591b21ee4ad4fd803fc7339588cb83a6b84
smartbugs_results,662: denial_service;,0x3374a7604b62c5ccacef8119e3d11415d1904d00
smartbugs_results,148: arithmetic; 166: arithmetic; 208: arithmetic; 209: arithmetic;,0xe9329c1ff47f25328e682987df25c0e5fa0a3d7f
smartbugs_results,24: arithmetic; 50: arithmetic;,0x6b80ae996b47f89906c884fd3e024004d5d6e36e
smartbugs_results,50: arithmetic;,0xd2606c9bc5efe092a8925e7d6ae2f63a84c5fdea
smartbugs_results,194: time_manipulation; 195: time_manipulation; 221: time_manipulation; 225: time_manipulation;,0x6f27d3812270339a1687d6a77187dabe784c5247
smartbugs_results,60: arithmetic; 50: arithmetic; 118: arithmetic; 119: arithmetic;,0x3d9fccc21a2e14d708abdf42bfadfba0cd65b0ff
smartbugs_results,52: arithmetic; 62: arithmetic;,0x4ca748e2f804ed759939799cdc2de94f6cb19f79
smartbugs_results,307: time_manipulation; 311: time_manipulation; 851: time_manipulation;,0xd139103f7338f6508b2cbc1d010b45df4346d90d
smartbugs_results,78: time_manipulation; 111: time_manipulation; 127: time_manipulation; 247: arithmetic; 823: arithmetic; 826: arithmetic;,0x2747fe8dc21d5efcc0787101dc986df028bd42b9
smartbugs_results,137: time_manipulation; 139: time_manipulation; 141: time_manipulation; 143: time_manipulation;,0xbf64a825e602a4f1c31480a470e99e1d896c88a7
smartbugs_results,463: denial_service; 472: denial_service;,0xc8dbd480377235849b039343c27e4aca381b590a
smartbugs_results,128: arithmetic; 146: arithmetic;,0x90de706187579e95a6a39628d89be753f221aa44
smartbugs_results,76: arithmetic; 85: arithmetic;,0x93e47e01b9e673cda4d42a1497cf7059efc4fa6e
smartbugs_results,41: arithmetic; 51: arithmetic;,0x950455b01afb8c82e3879c343ed60f91b7c81152
smartbugs_results,447: arithmetic; 450: arithmetic; 462: arithmetic; 463: arithmetic;,0x8b29b70b2cd8fdd891c1d0cd5808fb92781ba90b
smartbugs_results,312: arithmetic; 515: denial_service; 1224: time_manipulation;,0x2419455b836cd34e272fbb6d704422a96102b36c
smartbugs_results,197: time_manipulation; 438: denial_service;,0x296ef409c3d266f40b2f8b1092596d7b5633d93d
smartbugs_results,496: time_manipulation; 497: time_manipulation; 522: time_manipulation; 851: denial_service;,0x2d82c4f8737623e12cb463041a1ba93c60eb2110
smartbugs_results,24: arithmetic; 50: time_manipulation;,0xc5311ed6b7b48b7be5bed01ea75ff5eb9f3335ba
smartbugs_results,130: arithmetic; 148: arithmetic;,0x3dcefbedf17bc3ecea1a40052239da89c22766b8
smartbugs_results,54: arithmetic; 62: arithmetic;,0x44a6bae1dba4d2b91ff7b0b54506fd0e1f9c44de
smartbugs_results,28: arithmetic; 36: arithmetic;,0x8a0fdede6bdd9ff9397a394636d145085a8bda0c
smartbugs_results,48: arithmetic; 59: arithmetic;,0x972b54f0a5bdfc35a7ec405f3e6ab6548d702700
smartbugs_results,242: denial_service; 192: denial_service; 202: denial_service; 261: denial_service; 209: time_manipulation;,0xe9808c7a95e9c50ddcc4339516c188ad5dacf88e
smartbugs_results,66: denial_service;,0x6c26dab04c8f2bb07e60f205118e36850fe90981
smartbugs_results,248: time_manipulation; 249: time_manipulation; 296: time_manipulation; 307: time_manipulation;,0xefe083a627b45582ff0748212d2925946dde387d
smartbugs_results,70: arithmetic;,0x41c23bf53117806ce77ca65003d435c4d944f519
smartbugs_results,455: arithmetic; 470: time_manipulation;,0x5bb5b32cb114c7f558a3f5b0933dcfa74be9611a
smartbugs_results,133: arithmetic; 139: arithmetic; 140: arithmetic; 143: arithmetic; 144: arithmetic;,0x2a28cc275b458019910e3b8b8ee58f17eb6d38c8
smartbugs_results,168: arithmetic; 207: arithmetic; 208: arithmetic;,0x87a643e8f3258bf222ec3cc88ce00ab767bfb213
smartbugs_results,200: time_manipulation;,0xa8912b55ba860e15844a54e68fe3ea3d9e5cfa44
smartbugs_results,194: denial_service; 199: arithmetic; 200: arithmetic; 201: arithmetic; 299: time_manipulation; 298: denial_service;,0x136b1e6e149f0dadf3c662fb6feec3d7587aaadd
smartbugs_results,136: arithmetic; 154: arithmetic;,0xb02cdc19d0612b3bf355af03db8979ab36693386
smartbugs_results,185: time_manipulation; 207: time_manipulation; 224: time_manipulation; 279: denial_service; 295: denial_service; 361: time_manipulation; 382: denial_service;,0x36f0deb0af8ab453b6b4fcc8b0b7fe2f1b44e55f
smartbugs_results,127: arithmetic; 145: arithmetic;,0x057bfea37ba2637dc00abd2ef0eab5abfbf31076
smartbugs_results,165: time_manipulation;,0xbbebebc3d30295aff5b4a977e7ff50d34cbe0b39
smartbugs_results,33: denial_service; 44: denial_service; 49: arithmetic;,0x6a15488ef88d399cd1ac1823ef3e61e2ff215f87
smartbugs_results,47: unchecked_low_calls; 57: unchecked_low_calls;,0xa59c52c477c6aa13b7e30e382ffc848acd311c40
smartbugs_results,148: arithmetic; 166: arithmetic; 209: arithmetic; 210: arithmetic;,0x25587c25f1c7f245b5d419dbdf14f497ac5dce1b
smartbugs_results,7: access_control; 38: denial_service;,0xb0a26b31710616ee135c9eeb50e61d52fe68a2d2
smartbugs_results,131: arithmetic; 149: arithmetic;,0x4c6e23e5d9dc901991128b3ced739bb0167d7474
smartbugs_results,81: time_manipulation; 86: time_manipulation; 206: arithmetic; 317: time_manipulation;,0x42b5abaa985220582ff63c9a168096257737f3f5
smartbugs_results,385: time_manipulation; 384: time_manipulation; 463: time_manipulation; 497: time_manipulation;,0x402fa04ccd2c2568e1a53dbecec1bd572303663a
smartbugs_results,399: time_manipulation; 467: time_manipulation;,0xd8406e0c440f0bff6dcd14df1899166984babe57
smartbugs_results,7: access_control;,0xba7c312b0c49a307b2f33889482c64eb4d9f8d9a
smartbugs_results,227: arithmetic; 228: arithmetic; 229: arithmetic; 342: time_manipulation; 371: time_manipulation;,0xf30ce9807e55bb1bbdf0417fed1e2e518bcc03bc
smartbugs_results,108: denial_service; 114: denial_service;,0x3813a81a0a116a086799d37b66c0fd9925cb98c6
smartbugs_results,52: arithmetic; 62: arithmetic;,0xec5dbfde5a2f1904123b6fcaa86815ff095c797e
smartbugs_results,6: access_control;,0x115bdbcc47c0fe7ed08c21badc3efcfdc5c76e4c
smartbugs_results,184: time_manipulation;,0x7d97dd891966d32caba7dbefd2e1595df8d89724
smartbugs_results,92: arithmetic;,0x9b8c435196c8398ff021f375535cf04e3459b15c
smartbugs_results,24: arithmetic; 50: arithmetic;,0x29f5679ce0f913694fa0f0777c875294fda87ecf
smartbugs_results,404: arithmetic; 405: arithmetic; 428: arithmetic; 429: arithmetic;,0x970d48531bd6da34dfa5f867c3bc0afe17c0c4dd
smartbugs_results,109: arithmetic; 110: arithmetic; 255: arithmetic; 276: arithmetic; 341: arithmetic; 396: arithmetic; 409: arithmetic;,0x55c30ae7a9ad5861394e971327b6bf35d147119d
smartbugs_results,283: time_manipulation; 285: time_manipulation;,0xa1759677b63aa186b6e392540030724d141ede96
smartbugs_results,62: arithmetic; 68: arithmetic; 86: arithmetic; 87: arithmetic;,0xe3d424dffecc3759fcc997f5eba2a01a58585405
smartbugs_results,217: denial_service; 233: denial_service; 228: denial_service; 237: denial_service; 258: denial_service; 262: denial_service;,0x1c7d5a0a85e29fc599d606c3256ca5ea3bcb5fdc
smartbugs_results,52: arithmetic; 62: arithmetic;,0x1db9623c9ff39a534a052a353bb979ea69ae4db8
smartbugs_results,261: time_manipulation; 327: arithmetic; 257: arithmetic; 394: arithmetic; 395: arithmetic; 396: arithmetic; 396: arithmetic; 397: arithmetic; 398: arithmetic;,0x105004337129304b9073c5079f443e61fcd00349
smartbugs_results,81: arithmetic; 110: arithmetic;,0xfa5641fbab180bbfcf905871e68e7b3079b1e917
smartbugs_results,129: denial_service; 305: time_manipulation;,0xee44b11148486c05112d6418b987d8b8c2632e8f
smartbugs_results,33: arithmetic; 49: arithmetic;,0x9e840188ede7f79c791b9c68f0e49bdad7f24cba
smartbugs_results,34: arithmetic; 43: arithmetic;,0x03759d243e7bccf0229497527f8cc98601011b57
smartbugs_results,73: denial_service; 73: arithmetic;,0x73f9ea69ff02eec82ccb7e4226cbd4b25a14acf4
smartbugs_results,98: time_manipulation; 125: arithmetic; 296: arithmetic;,0xca346d7550ad8796b757a9a9f00616d56474dd81
smartbugs_results,119: arithmetic; 125: arithmetic; 126: arithmetic; 129: arithmetic; 130: arithmetic;,0x636740e327726fa05f720b10ec2d71e0cd4ae2a4
smartbugs_results,129: time_manipulation; 130: time_manipulation; 163: arithmetic; 255: reentrancy;,0x86a9925d7aa172f2c0307154fb736e89f32c6155
smartbugs_results,25: arithmetic; 37: reentrancy;,0x941d225236464a25eb18076df7da6a91d0f95e9e
smartbugs_results,52: arithmetic; 62: arithmetic;,0x3cc971718a7643507fede9248063dbbfaa7ba650
smartbugs_results,50: arithmetic; 60: arithmetic; 118: arithmetic; 125: arithmetic;,0xf9d3a53f018edd108e8eecb9eb5a7037dc414c9d
smartbugs_results,185: time_manipulation; 190: time_manipulation; 195: time_manipulation; 208: time_manipulation; 206: time_manipulation;,0x400038f498e601f623f364129ca76cf23fdd1891
smartbugs_results,50: arithmetic; 60: arithmetic; 118: arithmetic; 119: arithmetic; 125: arithmetic;,0x064cdcdda11f8b59a3b17332bb5214891f5c5275
smartbugs_results,206: arithmetic; 207: arithmetic; 208: arithmetic; 209: arithmetic; 210: arithmetic; 245: arithmetic; 282: arithmetic; 353: denial_service;,0xa9d3f3bc16a971fe51a02aa6f8a75f569693e415
smartbugs_results,753: unchecked_low_calls; 1587: arithmetic; 1589: arithmetic; 1683: arithmetic;,0x90263ea5c57dc6603ca7202920735a6e31235bb9
smartbugs_results,119: arithmetic; 124: arithmetic; 141: arithmetic; 142: arithmetic;,0xb6346b0cf3925b8758b5d98cd19703d2c5239e99
smartbugs_results,405: denial_service;,0x1044d3efad9a9bad4e77a1c0c86bc53636da0345
smartbugs_results,433: denial_service; 484: time_manipulation; 512: time_manipulation; 512: denial_service;,0x231a24a88e675f2c96147a2b2d2bf658f0db31f9
smartbugs_results,169: denial_service;,0x05f49d328452e284a5cb4a113660e9c3a8a7a62c
smartbugs_results,50: arithmetic; 60: arithmetic; 118: arithmetic; 119: arithmetic; 125: arithmetic;,0xbb81fde519be2ef79b319280658780a3213ee821
smartbugs_results,108: arithmetic; 116: arithmetic;,0xc1e50afcd71a09f81f1b4e4daa1d1a1a4d678d2a
smartbugs_results,52: arithmetic; 62: arithmetic;,0xc35924a3661bbadabbba4f1823fa74fcafcb08ef
smartbugs_results,139: access_control; 145: arithmetic; 141: arithmetic;,0x8a8cc09bf792e032174420590976a25907c6b32f
smartbugs_results,103: arithmetic; 106: arithmetic; 110: access_control; 121: arithmetic; 124: arithmetic; 136: arithmetic; 142: arithmetic; 148: arithmetic; 156: arithmetic; 162: arithmetic; 164: arithmetic; 171: arithmetic; 183: arithmetic; 186: arithmetic; 189: arithmetic; 229: arithmetic; 236: arithmetic; 247: arithmetic; 250: arithmetic; 260: arithmetic; 278: arithmetic; 286: arithmetic; 292: arithmetic; 294: arithmetic; 301: arithmetic; 312: arithmetic; 320: arithmetic; 335: arithmetic; 345: arithmetic; 363: arithmetic;,0xfb486bc995129042f99407282e926529d8e54451
smartbugs_results,50: arithmetic; 60: arithmetic; 118: arithmetic; 119: arithmetic; 125: arithmetic;,0x0b37174581aae71b8a0ed01764b3ac21ff608d33
smartbugs_results,24: arithmetic; 50: arithmetic;,0xc6477c92c5ae62be4ea888229d61651b09910a8f
smartbugs_results,34: arithmetic;,0xc93e9b99f4f1dce185d531c41544789d925c1313
smartbugs_results,461: time_manipulation; 602: time_manipulation; 625: time_manipulation; 626: time_manipulation; 650: time_manipulation; 783: time_manipulation; 827: time_manipulation; 1004: time_manipulation; 1028: time_manipulation; 1220: time_manipulation; 1226: time_manipulation;,0xb49ac92bf6a4505951e154a4949acd1765fbb476
smartbugs_results,901: time_manipulation; 908: time_manipulation; 909: denial_service; 916: denial_service; 935: denial_service;,0xbf483bcde5e951418cff8cdaf0020b963887c2d8
smartbugs_results,97: time_manipulation;,0x823f96acc48410eba6e60fbaf0012ab6c49d4633
smartbugs_results,192: arithmetic; 194: arithmetic; 196: arithmetic; 263: arithmetic; 280: arithmetic;,0x24af7a0fbf8af8d198dbbecafa63bed86a4ee9db
smartbugs_results,411: arithmetic; 433: denial_service; 445: denial_service; 484: time_manipulation; 512: time_manipulation; 512: denial_service; 514: arithmetic; 730: denial_service;,0xaf4945b0abe385e9eb498ab29f744e7f16de1cd2
smartbugs_results,717: time_manipulation; 846: time_manipulation; 844: time_manipulation;,0x4ccd910ade7ec212a94cb7390513423898ee0429
smartbugs_results,143: arithmetic; 146: arithmetic; 157: arithmetic; 164: arithmetic; 169: arithmetic; 173: arithmetic; 177: arithmetic;,0x5c6d8bb345f4299c76f24fc771ef04dd160c4d36
smartbugs_results,527: time_manipulation; 669: time_manipulation; 692: time_manipulation; 693: time_manipulation; 717: time_manipulation; 801: arithmetic; 862: time_manipulation; 870: time_manipulation; 916: time_manipulation; 927: time_manipulation; 1097: time_manipulation; 1121: time_manipulation; 1329: time_manipulation; 1335: time_manipulation; 1361: arithmetic;,0x8c74f1ed536e79de5cb225f035bc989ae84493f7
smartbugs_results,87: arithmetic; 106: arithmetic;,0xe6e3791ca1b9f3009bd5e57db5a04378c64208c7
smartbugs_results,57: arithmetic; 67: arithmetic;,0xc42de4250ca009c767818ec6f8fb1eacba859f38
smartbugs_results,415: denial_service; 427: denial_service; 494: denial_service; 494: time_manipulation; 496: arithmetic; 511: time_manipulation; 524: time_manipulation; 524: denial_service;,0xdc014502643ca2ef9ff00443a4a1e5b178184a95
smartbugs_results,52: arithmetic; 62: arithmetic;,0x8cbd4d5fbee7c99cb2704e7c0031733a72834ff8
smartbugs_results,52: arithmetic; 62: arithmetic;,0x9a1aa5b9f1978ad15c3b83868a5a16b0c102a430
smartbugs_results,61: time_manipulation;,0xb27a380a00b3f1be3eb5fb3d4c65505a51f1c52d
smartbugs_results,406: denial_service; 499: time_manipulation; 505: time_manipulation; 543: time_manipulation; 563: time_manipulation;,0x55abdc2c1aeb61b06958740484e61126e273aa61
smartbugs_results,31: unchecked_low_calls; 48: unchecked_low_calls;,0x9c53c71739894135b02243c88e86c1ead91fdf6b
smartbugs_results,24: arithmetic; 50: arithmetic;,0xb9b309e982974299e6465b16aac839e775673907
smartbugs_results,36: arithmetic;,0x191a70e9808c8d89be289cfe9001a7010dc3d78c
smartbugs_results,173: time_manipulation; 179: time_manipulation; 185: time_manipulation; 192: time_manipulation; 320: time_manipulation; 335: time_manipulation; 357: time_manipulation;,0x642ce99aad0ccc6fed7930117b217a18ce4b4229
smartbugs_results,106: time_manipulation; 132: time_manipulation; 139: time_manipulation;,0xaf34639af7b7eba6c80c48e1e89a70661d1aafef
smartbugs_results,50: arithmetic; 69: arithmetic;,0xb7da39352aa33cdd6e82ff3138df4bfdfce814cb
smartbugs_results,166: arithmetic; 167: arithmetic;,0x572781e7b021d2b3f3f082b3e487234ce9fc2961
smartbugs_results,664: time_manipulation; 717: denial_service; 729: denial_service; 747: time_manipulation;,0xd7e4ad7c318ffbafbf602e32e089e7e2326a2581
smartbugs_results,643: time_manipulation; 712: denial_service; 732: denial_service; 740: time_manipulation;,0xc784926a34bb8a4912d73959ed3b2a89ffd67f09
smartbugs_results,166: arithmetic; 196: arithmetic; 206: arithmetic; 209: arithmetic; 286: arithmetic; 287: arithmetic; 322: arithmetic; 323: arithmetic; 626: arithmetic; 629: arithmetic;,0xedeab579e57a7d66297d0a67302647bb109db7a8
smartbugs_results,323: denial_service; 367: denial_service; 411: denial_service;,0x79a8ddb299bb4af1f9ee206af9689dd687d8ede4
smartbugs_results,108: arithmetic; 109: arithmetic; 210: arithmetic; 228: arithmetic;,0xa3d48af5b7541658e7b663905f11433f1b4074f5
smartbugs_results,50: arithmetic; 60: arithmetic; 118: arithmetic; 119: arithmetic; 125: arithmetic;,0x0b7c88344be0fbd1eb765d33c89f234ca1b87063
smartbugs_results,68: arithmetic; 78: arithmetic;,0xddb5e48b20573a3e027e76c06733dd7e92eaa213
smartbugs_results,638: denial_service;,0x51155042485433dd00db45ac560e9e8a851a0451
smartbugs_results,191: denial_service; 205: denial_service; 237: denial_service; 242: denial_service; 271: time_manipulation; 272: time_manipulation; 330: denial_service; 415: time_manipulation;,0x1ac68e35dbd49a7250fa1b1ceb9dbd3110edaf50
smartbugs_results,129: arithmetic; 147: arithmetic;,0x508f36baac673fe9e213e69f0f75cbcfeb015917
smartbugs_results,173: arithmetic;,0x0b9cab17883e721888c22b2bcb5a00f91a711989
smartbugs_results,15: access_control;,0x12502e5b56dd58f9f256f756cd2ac9e42b1abce3
smartbugs_results,52: arithmetic; 62: arithmetic;,0x70d10d51d35e7df3c270894337ba86a15ca044ab
smartbugs_results,246: arithmetic; 496: arithmetic; 464: arithmetic; 63: arithmetic;,0x8735227f8f9cd8689d0b1d23230602e374b750f7
smartbugs_results,24: arithmetic; 50: arithmetic;,0xd36fde83e7da39afae0b057db9b0b9a99991cb93
smartbugs_results,50: arithmetic; 60: arithmetic;,0xf14d5fb350060f5285d5900f5ee6d2ca27dda6ac
smartbugs_results,240: time_manipulation; 242: time_manipulation; 257: time_manipulation; 260: time_manipulation; 282: denial_service;,0xf19eac69f9566f0b40660bd0cc16234330f38456
smartbugs_results,133: arithmetic; 151: arithmetic;,0x7da8172cc69acf171d82662bdc12c55f134339de
smartbugs_results,15: access_control;,0xc30b4acfedde446dad7aeb17d7ed5d1f6e056c51
smartbugs_results,207: arithmetic; 210: arithmetic; 211: arithmetic; 219: access_control;,0x83ba853b8196bb51c148dd762a827c703b156450
smartbugs_results,136: arithmetic; 140: arithmetic; 141: arithmetic;,0xd8905661e00c730e1917c099d79026f7ca53d105
smartbugs_results,251: time_manipulation; 284: denial_service; 324: denial_service;,0xd64b1bf6fcab5add75041c89f61816c2b3d5e711
smartbugs_results,23: unchecked_low_calls; 28: unchecked_low_calls;,0x235574910b3c91bb85ac6cab454545749b72e71a
smartbugs_results,82: arithmetic; 114: arithmetic; 133: arithmetic; 135: arithmetic; 136: arithmetic; 139: arithmetic; 140: arithmetic; 146: arithmetic; 148: arithmetic; 150: arithmetic; 161: unchecked_low_calls; 207: arithmetic; 208: arithmetic; 220: arithmetic; 223: access_control;,0xc2d890f9ee41d84aeefeae0886bccddc12a6a394
smartbugs_results,131: arithmetic; 149: arithmetic;,0xb77129403b2ae45bc50e3b41a6fd188eb5fed9cf
smartbugs_results,52: arithmetic; 62: arithmetic; 126: arithmetic;,0x780fcf1decba1c92dee8965fad12cc1d906f7086
smartbugs_results,209: arithmetic; 210: arithmetic; 215: arithmetic; 228: arithmetic; 229: arithmetic; 233: arithmetic; 262: arithmetic; 232: arithmetic; 274: arithmetic; 286: arithmetic; 287: arithmetic; 291: arithmetic; 298: arithmetic; 316: arithmetic; 317: arithmetic; 321: arithmetic; 328: arithmetic;,0xe8c809cef1e9d87fb2aeac633ae905bb4df17a36
smartbugs_results,80: arithmetic;,0xe14eac83b3bb1bb7b265bf298c348264f8399834
smartbugs_results,135: time_manipulation; 160: denial_service; 213: denial_service;,0x1cce39da85ff2d5ceae92a810447b52df13f9267
smartbugs_results,127: arithmetic; 145: arithmetic;,0xba2e5c1f9bfa6b9a0e52487433c69e4d8b7c10e4
smartbugs_results,481: unchecked_low_calls; 600: arithmetic; 648: time_manipulation; 648: time_manipulation; 726: arithmetic; 751: denial_service; 823: arithmetic;,0xb90b493864d030c81335f40a5892bd8b1a0c6562
smartbugs_results,117: arithmetic; 135: arithmetic;,0xf81a6de344deafc144b6ea275dafa07006e2c3bd
smartbugs_results,307: denial_service;,0x1c107ab5f9160cdf6c2d05448ae57e3f66787378
smartbugs_results,300: time_manipulation; 330: time_manipulation; 332: time_manipulation; 335: time_manipulation; 338: time_manipulation; 341: time_manipulation; 344: time_manipulation; 378: time_manipulation; 415: time_manipulation; 417: time_manipulation; 470: time_manipulation; 488: time_manipulation;,0x13792a2a22333f8564945b1ee1f5b46a20c23a5d
smartbugs_results,24: arithmetic;,0x9638d81d9698ba13f617370c03547b6e68266534
smartbugs_results,16: arithmetic; 23: arithmetic;,0x12d4dfbc0408b255436e5cf7eae4f6645b9b74b2
smartbugs_results,88: arithmetic;,0x08ad34f1a18285bf7bac2c68d0b7017a423fe1de
smartbugs_results,35: denial_service; 36: access_control;,0x6de8f49a47f4cdcf7cb69cafb1b6a74a4f38d113
smartbugs_results,115: arithmetic;,0x075a0f607a3072e748ef4bde2cbffe4db60268e9
smartbugs_results,200: arithmetic; 203: arithmetic; 240: arithmetic; 444: arithmetic; 589: arithmetic; 592: arithmetic; 200: arithmetic; 605: arithmetic;,0xba1ec2e889518aaeb412d6bae64c64a696b0f0ec
smartbugs_results,491: time_manipulation; 679: time_manipulation; 693: time_manipulation; 718: time_manipulation; 781: time_manipulation; 813: time_manipulation; 814: time_manipulation; 782: time_manipulation;,0x22622d0c254ad9b6046911a744b0bdf815aabe26
smartbugs_results,216: arithmetic; 217: arithmetic; 218: arithmetic; 219: arithmetic;,0x75031ec38fa67370f7bcf0c173af241b321c62c5
smartbugs_results,285: time_manipulation; 325: arithmetic; 326: arithmetic;,0x6e5c02cf6fa4770a8c91d19cf58d24bd24bcc6b8
smartbugs_results,63: time_manipulation; 62: time_manipulation; 64: arithmetic; 66: arithmetic; 69: access_control;,0x96d619298ee99c1f34462a38e192ac3d9eea127f
smartbugs_results,7: access_control;,0xe3ec74dbce6ee1d8680e38714b67ab5535c95bdb
smartbugs_results,81: denial_service; 92: denial_service; 363: denial_service;,0x6d69fcb28c9fcc9e9d39e3608190b24f4df295e7
smartbugs_results,23: arithmetic; 31: arithmetic; 79: arithmetic; 80: arithmetic; 87: arithmetic; 103: arithmetic;,0xea561e3dec6bc02b88ad0493050126b053cad19d
smartbugs_results,432: denial_service;,0xf2840d41288934cd7e1489ffdc4d9f0d5199ebe2
smartbugs_results,192: arithmetic; 210: arithmetic;,0x967cd2bdb14a7bc3a67ee5df12b20835c59d9e1c
smartbugs_results,67: denial_service;,0x851ba7347b3d7f873267fe597c8efd187de29a77
smartbugs_results,70: denial_service;,0x424e54b7bef72a1a9e3d3daa369e40d20c3b0292
smartbugs_results,24: arithmetic; 50: arithmetic;,0xc1e2b55fdd6dc94562933feb7aa1d03637024809
smartbugs_results,290: denial_service;,0xb39d10435d7d0f2ea26a1c86c42be0fd8a94f59b
smartbugs_results,46: arithmetic; 56: arithmetic;,0xff23f545aeebebc3ad4d4905ddc5092167ca40c9
smartbugs_results,213: denial_service; 219: time_manipulation; 219: access_control; 225: time_manipulation; 225: access_control; 229: denial_service;,0x01a28adc0edd796b570ec4da734e1aa809f6f1fc
smartbugs_results,73: denial_service; 91: denial_service;,0xce75e5aa182ee99ea1be60aa13b3f2eed172730e
smartbugs_results,153: arithmetic; 171: arithmetic; 254: arithmetic; 255: arithmetic;,0x66bdaa7e73359749f55dc9634f8270603bb6fb47
smartbugs_results,350: time_manipulation; 354: time_manipulation; 358: time_manipulation; 362: time_manipulation; 366: time_manipulation; 370: time_manipulation; 374: time_manipulation; 378: time_manipulation; 382: time_manipulation;,0x06b39e8fddaa73813ac07a1e9752dc4249f9c88a
smartbugs_results,71: time_manipulation; 72: time_manipulation; 73: arithmetic;,0xb22dc0bb4290f6c0b09702e03b8cc74310d94d49
smartbugs_results,24: arithmetic; 50: arithmetic;,0x95e517812fe3a99b021aeffed75b82df383acd8a
smartbugs_results,47: time_manipulation; 52: arithmetic; 63: time_manipulation; 71: unchecked_low_calls; 79: time_manipulation; 80: time_manipulation; 81: time_manipulation; 82: time_manipulation;,0x2db04424b217eece1eb416f675d310b2aae21d49
smartbugs_results,31: arithmetic; 3139: arithmetic;,0x46773d4cb606752dc6a3b758cea5eb18babe1ebf
smartbugs_results,24: arithmetic; 50: arithmetic;,0x37eba68380f5a549532f658244f82619ac733c03
smartbugs_results,22: arithmetic; 23: arithmetic; 26: arithmetic;,0xf8eb1928b7b247e5ab607785afe869d7daf78a6f
smartbugs_results,151: arithmetic; 152: arithmetic; 175: arithmetic; 176: reentrancy; 189: arithmetic;,0x1e5028fcb334d79633f5a6665347d2eaa02cb406
smartbugs_results,215: arithmetic; 217: arithmetic;,0xc9a7760e8fd8cc8bd5f39bf6e5e55ad1c5141c13
smartbugs_results,142: denial_service;,0x6b9167d6ccf38a4e286c0180286053c8bedf5cf9
smartbugs_results,262: time_manipulation; 487: time_manipulation; 581: arithmetic; 581: access_control;,0x1590088b0003d63319bbfdb523e6f5966b18b6d0
smartbugs_results,366: time_manipulation; 367: time_manipulation; 404: time_manipulation; 428: time_manipulation;,0x7b47e1473f97040689812204113ff549b2e2c31b
smartbugs_results,75: denial_service;,0x18486c451fdc6eac512d468967f75729d11b89ea
smartbugs_results,24: arithmetic; 50: arithmetic;,0x9b8195f5c21aedf5f1db4f58790004daf181d4f6
smartbugs_results,44: arithmetic;,0x118d33a273c37c9a36a43a6ef71a7bec014a4d89
smartbugs_results,52: arithmetic; 62: arithmetic;,0x9389c13d70d824448d81ea6aeb04f3d732fcb9f8
smartbugs_results,6: denial_service;,0x47382d68c05037f29fc523df5282791ae61a6699
smartbugs_results,65: time_manipulation; 80: time_manipulation; 88: arithmetic; 89: arithmetic; 94: time_manipulation; 95: time_manipulation; 188: arithmetic; 125: arithmetic; 126: arithmetic; 128: denial_service; 133: arithmetic; 134: arithmetic;,0xc446b5b0a696b6735bf95888a896253a1a5d25f5
smartbugs_results,180: time_manipulation; 188: time_manipulation; 189: arithmetic; 202: arithmetic; 237: time_manipulation;,0x971fdec17b5f70d98d3a1017034499cf7172d9b4
smartbugs_results,238: denial_service; 266: denial_service;,0xed2bd91e69155782d045ca8254eafa8935e99b58
smartbugs_results,38: arithmetic; 53: arithmetic; 153: arithmetic; 154: arithmetic; 278: time_manipulation; 322: arithmetic; 323: arithmetic;,0xdf2b47c4a9b735502e41ec6fe386a6b9ead7d38b
smartbugs_results,35: arithmetic; 36: arithmetic; 42: time_manipulation;,0xe9e1e3414800886d5210a3f726947387f662ba2a
smartbugs_results,59: denial_service; 73: denial_service; 174: time_manipulation; 176: time_manipulation; 178: time_manipulation; 180: time_manipulation; 182: time_manipulation; 184: time_manipulation; 186: time_manipulation; 195: time_manipulation; 214: time_manipulation; 264: time_manipulation; 268: time_manipulation; 272: time_manipulation; 276: time_manipulation; 280: time_manipulation; 284: time_manipulation; 294: time_manipulation; 309: time_manipulation;,0x21fd831991db41d21835f1ae78b720d6f1a6c33b
smartbugs_results,46: arithmetic; 57: arithmetic;,0xaa09eb865745c97bbbf39e80c9dbf0ea83ad4475
smartbugs_results,104: arithmetic; 118: arithmetic;,0x2c042bb57e56f502be09bf6dc78e85c18e1daebc
smartbugs_results,50: arithmetic; 57: arithmetic; 88: denial_service; 96: arithmetic; 97: arithmetic; 124: arithmetic;,0x658fcbed32979cfbe6cd99da69dff23884cc0455
smartbugs_results,66: arithmetic; 77: arithmetic;,0xfadc5068f515ad927fd3d262735574a575e56d22
smartbugs_results,189: denial_service; 149: denial_service;,0x56c9e0b23f54fdba5ef02466eb93211ac9f2c74e
smartbugs_results,54: time_manipulation;,0xc9dfff5fa5605fd94f8b7927b892f2b57391e8bb
smartbugs_results,107: arithmetic; 132: arithmetic; 152: arithmetic; 180: arithmetic;,0x1e69c3cb4f08aba18bad6da03f5c5441014d4169
smartbugs_results,79: arithmetic;,0x26d08b9d227933a85e855656dc46ab889e183c88
smartbugs_results,25: time_manipulation;,0xc1d73e148590b60ce9dd42d141f9b27bbad07879
smartbugs_results,52: arithmetic; 62: arithmetic;,0x103a9d0ee6fdc4762ec08172ff0881ebb68c73c8
smartbugs_results,129: arithmetic;,0xec841073efd8e68ddffbd6cf440f2548684345ea
smartbugs_results,45: arithmetic; 46: arithmetic; 48: arithmetic; 75: arithmetic; 77: arithmetic; 78: access_control;,0xc99be862b2d0a67a30219094f473a87d9bc7afc4
smartbugs_results,515: time_manipulation; 1243: time_manipulation; 1490: time_manipulation; 1525: denial_service; 1537: denial_service; 1542: time_manipulation; 1761: denial_service; 1999: time_manipulation; 2033: denial_service; 2002: denial_service;,0x0cbe2df57ca9191b64a7af3baa3f946fa7df2f25
smartbugs_results,68: arithmetic; 70: arithmetic; 72: arithmetic;,0x345f58b7610bf98ff1dd9315d2ce79593671ca4d
smartbugs_results,328: time_manipulation;,0x1f9e3a06574cb24a0c447b07a0a2c84988a16a10
smartbugs_results,403: time_manipulation; 404: time_manipulation; 406: time_manipulation;,0x105b2b74fe6de95b68d435f3a3bc8ace03cf1658
smartbugs_results,144: denial_service;,0x6b718f98d6fe9e68227703ea8afd4726baa954a1
smartbugs_results,285: denial_service;,0xe9b8124b8a9d952f64c41e98d47a8f77ca27ce03
smartbugs_results,24: arithmetic; 50: arithmetic;,0xf874d3812228ce98094cb971ad858ece6b9f9be6
smartbugs_results,428: time_manipulation;,0x9669890e48f330acd88b78d63e1a6b3482652cd9
smartbugs_results,317: denial_service;,0x7e74ebfd6d2e1adca6dabe8775b450a1622ceccc
smartbugs_results,23: arithmetic; 30: arithmetic;,0xd08c0b2f4b98cabf4ac9efc9a541f6ffbcbc3441
smartbugs_results,142: arithmetic; 160: arithmetic; 200: arithmetic; 201: arithmetic;,0xc27675604e69c559805aca3e2e00c533729bfb21
smartbugs_results,52: arithmetic; 62: arithmetic;,0xa362eaceeb802e0146a5a1f0bcaaa8d3d2a4c89a
smartbugs_results,175: unchecked_low_calls;,0xb7c6f23e9bfd56b7337916086b699f104959a2ff
smartbugs_results,131: arithmetic; 149: arithmetic;,0x3db363c090a84bfeea2aa7f36c5a8e584f9e00b4
smartbugs_results,24: arithmetic; 50: arithmetic;,0xa2b5ca48fc2f8517c5e6077046a17e57d346dab5
smartbugs_results,88: denial_service;,0xfc5214b147e27e502d6af6bda9ecf39782b8d2b7
smartbugs_results,162: arithmetic; 164: arithmetic; 165: arithmetic;,0x0661f731f7f442a4147b87af5e77a9ecc7ed744e
smartbugs_results,54: arithmetic; 64: arithmetic; 124: arithmetic; 129: arithmetic;,0xd5a78141d6f32078330b2297611ae0fd06c2d2bf
smartbugs_results,318: time_manipulation; 323: time_manipulation; 385: denial_service; 495: time_manipulation;,0x9117899cf4574bc084472f78618643a92f090651
smartbugs_results,137: arithmetic; 128: arithmetic; 156: arithmetic; 163: arithmetic;,0xe2fa3d7b292c216390abad4c625d5f2524b85a1f
smartbugs_results,86: arithmetic; 88: arithmetic;,0xbd42e065f63c3a79b0de9b59b6a9ae62e17dda58
smartbugs_results,52: arithmetic; 62: arithmetic;,0xb63acd28180b5562fafde1a7a4e3d04d39931478
smartbugs_results,52: arithmetic; 62: arithmetic;,0x71be4a37ef6423c4dc0530410454d85da3d73d64
smartbugs_results,430: denial_service; 445: denial_service;,0xa94f6fc384ca2cab02eb1dd6a9efc43e43dd6dfb
smartbugs_results,129: arithmetic;,0x280daacbd812725baf46e273b84426b1e10ab410
smartbugs_results,718: denial_service; 896: denial_service; 116: denial_service;,0xbaca9c2faf03898fc5197ee90efb6e13df7f1d55
smartbugs_results,101: arithmetic; 102: arithmetic; 114: arithmetic; 115: arithmetic; 128: unchecked_low_calls;,0x3491bd2c385849353f231688bffada9d1e005a8a
smartbugs_results,52: arithmetic; 62: arithmetic;,0xeffd5bddd1eb861ca4937d7822aacf65971e9981
smartbugs_results,196: time_manipulation; 293: time_manipulation; 294: time_manipulation;,0x202f291e30fe4aa626792ae01c35eaf7153b44b9
smartbugs_results,36: arithmetic; 60: arithmetic; 61: arithmetic;,0xc3ef562cc403c8f9edf7c3826655fbf50f4ddde8
smartbugs_results,51: arithmetic; 61: arithmetic;,0xc664ced0cd0a85fd08b9fd96faeaee745fac8e9d
smartbugs_results,408: time_manipulation; 454: time_manipulation; 511: time_manipulation; 516: time_manipulation; 521: time_manipulation;,0xdd8c409d4b94de09bb6b6a898c74ad8149557aa8
smartbugs_results,47: arithmetic; 55: arithmetic;,0xb2043201636b667490df3e0ccc86b0e72d1bfa7a
smartbugs_results,50: arithmetic; 60: arithmetic; 118: arithmetic; 119: arithmetic;,0x109bae16a0bd1b57016af0a1f9db001e37ea86b2
smartbugs_results,243: time_manipulation; 247: time_manipulation; 479: time_manipulation; 480: time_manipulation; 535: denial_service; 331: denial_service; 122: denial_service;,0x6ab1453ae2cdfb7524decfc71bc9105bf2a58d5a
smartbugs_results,253: time_manipulation; 262: time_manipulation; 287: time_manipulation; 360: time_manipulation; 361: time_manipulation; 378: time_manipulation; 498: time_manipulation; 503: time_manipulation; 511: time_manipulation;,0xac5a4f78924d74518338a6c19bae24dbe7da44f5
smartbugs_results,16: arithmetic; 17: arithmetic; 19: arithmetic;,0xe34443095f78099675b165f07559e9b48450c77e
smartbugs_results,253: time_manipulation; 255: time_manipulation; 257: time_manipulation; 259: time_manipulation; 384: arithmetic;,0xd7cf8eae66f26e13a400772a054b19fb3d98c269
smartbugs_results,262: time_manipulation; 275: time_manipulation; 276: time_manipulation; 286: time_manipulation; 355: time_manipulation; 275: time_manipulation; 378: time_manipulation; 381: time_manipulation; 384: time_manipulation; 504: denial_service; 518: denial_service;,0x2de60f36bb208b5c96acb36d4a49aad3e2be0627
smartbugs_results,75: access_control;,0x6ef02644549af0e3761ae1a88fe02fe1d7016aea
smartbugs_results,106: denial_service; 134: denial_service; 166: denial_service;,0x7fc5ed4a2da6b217b3802c2015ee28da555a7c77
smartbugs_results,81: arithmetic; 89: arithmetic;,0xf330530a932d080a00ba2305ce5ec2f5a2b67257
smartbugs_results,9: access_control;,0x8cc5d9de2c8df87f2d40d84aa78049ea6e61f973
smartbugs_results,50: arithmetic; 60: arithmetic;,0x9e854fbcc18d94fdab03cebfc17beb803bc30961
smartbugs_results,531: arithmetic; 522: time_manipulation;,0x585afe8fbd14cdfbe33283083e3bed2fdaa13c37
smartbugs_results,52: arithmetic; 62: arithmetic;,0xbf300b121aec28628d113e783fc33383235c63fb
smartbugs_results,266: denial_service;,0x255afc55ef255cfb86d89a9650baf18c6d05265c
smartbugs_results,211: arithmetic; 212: arithmetic;,0xca5088449b96c225801ced8e9efdcae1e0c92a3d
smartbugs_results,24: unchecked_low_calls; 29: arithmetic;,0xc58492b3b14f658adff566c988029308505f81b5
smartbugs_results,24: arithmetic; 50: arithmetic;,0x97e1b17f3ea6817132d48c689f5bdf71c2eca8d1
smartbugs_results,214: arithmetic; 125: arithmetic;,0x4523f19c7618cdbfc564f445ec92f8b8d1723c62
smartbugs_results,15: access_control;,0x297fbad9810ab3d52abc4f1720bc24cac8b22c56
smartbugs_results,140: arithmetic; 158: arithmetic;,0xf85112919e478fcf33423012ed2ddc36bed6c512
smartbugs_results,52: arithmetic; 62: arithmetic;,0xeaeecb5ab0e169eb52663fe26d52485ba29d7bd6
smartbugs_results,50: arithmetic; 60: arithmetic;,0x9b80c4a539a8ccddcbe85fb5b69439b122cbcfbd
smartbugs_results,269: arithmetic;,0x21d83b0c82e6735061a1f80efe5b7cc3dc112912
smartbugs_results,50: arithmetic; 60: arithmetic; 118: arithmetic; 119: arithmetic; 123: arithmetic;,0xe042bacd066473d57fde359bf98a5f8a22327258
smartbugs_results,82: arithmetic;,0xf4c1d8863820b5e66fee5ea5d247f597f73f91f6
smartbugs_results,124: arithmetic; 143: arithmetic;,0x4be10da47a07716af28ad199fbe020501bddd7af
smartbugs_results,196: time_manipulation; 198: time_manipulation; 202: time_manipulation; 204: time_manipulation; 206: time_manipulation;,0x999e3102682c769a3fbd9faf64370c15eccdd007
smartbugs_results,127: arithmetic; 145: arithmetic;,0x33adb1613254c57ca2dad0617917b13ebc2e5cbc
smartbugs_results,382: time_manipulation; 383: time_manipulation;,0x41d9384dc97470bd2afa06db0c1be4f872519eec
smartbugs_results,493: time_manipulation; 494: time_manipulation; 506: time_manipulation; 661: time_manipulation; 743: time_manipulation;,0xec2b3c865c35b725c4787cedd0ed09276da31ada
smartbugs_results,264: arithmetic; 265: arithmetic;,0x21ca8ee818f008692d3a6abd1a1beda5aaecf0e3
smartbugs_results,283: time_manipulation;,0x9a60e133d8382904563a7ce9490ef53f92ff4c01
smartbugs_results,104: unchecked_low_calls;,0x0b6f6e073a08ab8fd458527c47ed83982ff26851
smartbugs_results,186: time_manipulation; 290: time_manipulation; 226: time_manipulation; 283: denial_service; 299: denial_service; 353: time_manipulation; 363: time_manipulation; 362: denial_service; 384: time_manipulation; 411: time_manipulation;,0x319a1af29df98435b251dfb4c56277b621703018
smartbugs_results,133: arithmetic; 151: arithmetic;,0x7992a7930f7b1cadc75a56d778e91156843202c0
smartbugs_results,460: time_manipulation; 467: time_manipulation;,0xa0f6026fe48d0b1e435025bdf5d936e16ff5bb91
smartbugs_results,72: time_manipulation;,0xd7faef6fd3d3e22037619a756221e38f7f2c9c62
smartbugs_results,112: time_manipulation; 115: arithmetic;,0xe0d19ef19dcdc87d0f5418e5ffc69cd022b98cbd
smartbugs_results,136: arithmetic; 154: arithmetic;,0xc6d49a3212a593959b47e82f786c47f8548fd6df
smartbugs_results,553: arithmetic; 554: arithmetic;,0x20719b298fe7c486a9dca33d10759a6f3f7e1db9
smartbugs_results,335: time_manipulation;,0x6750c97aa8a1b388ed560a06aefd64d457455ba7
smartbugs_results,131: arithmetic; 149: arithmetic;,0xd4d78d5b9949d55161afe612cb1c863d8bab2bc2
smartbugs_results,131: arithmetic; 149: arithmetic;,0x5a3a766aac57b47ff0576cf7289fe28864c2c776
smartbugs_results,41: denial_service; 42: denial_service;,0xf9f6382790d74646aa4d590594442523ca4ed159
smartbugs_results,78: denial_service;,0x348c796f9902dfdecf572f1ddb262c2bc24ffa5b
smartbugs_results,15: time_manipulation;,0xab37aa061d166e253083720fe9c2055f7f4f9952
smartbugs_results,50: arithmetic; 60: arithmetic; 118: arithmetic; 119: arithmetic;,0x35b478c61b193dc063163049ec46ce901c5d6d0c
smartbugs_results,135: arithmetic; 153: arithmetic;,0x29d1a4a82e64d275b5358cea836bb23735c7124a
smartbugs_results,47: time_manipulation; 78: arithmetic; 79: arithmetic; 93: time_manipulation;,0xd9d09ab4b1d155dc17a3f919ba003f4cf491e222
smartbugs_results,237: denial_service;,0x5fcf7d4634f385a90cb790ab2a7632b252bbbc08
smartbugs_results,1509: time_manipulation;,0x587a7c22f24f4f00e3a2b1c984ef290ce7d132d9
smartbugs_results,124: arithmetic; 139: arithmetic;,0x4fee2d21aaca705b70f86db48fe4b166482f7700
smartbugs_results,231: denial_service;,0x1c048352237ab1ff92b34d032148d87e825b44c1
smartbugs_results,939: denial_service;,0x1a7badbc3a718aacd2723a73d01f34daf5b69dab
smartbugs_results,506: arithmetic;,0xcf0010af06edff540af798d06e866d95cbdc8488
smartbugs_results,65: arithmetic; 75: arithmetic;,0x12565fd1436926beb0fff522d63be551240a4594
smartbugs_results,527: denial_service;,0xcaec691284cb2d0cc5bd8987700fec8006a139fc
smartbugs_curated,31: access_control; 38: access_control;,FibonacciBalance
smartbugs_curated,27: access_control;,arbitrary_location_write_simple
smartbugs_curated,20: access_control;,incorrect_constructor_name1
smartbugs_curated,18: access_control;,incorrect_constructor_name2
smartbugs_curated,17: access_control;,incorrect_constructor_name3
smartbugs_curated,20: access_control;,mapping_write
smartbugs_curated,38: access_control;,multiowned_vulnerable
smartbugs_curated,20: access_control;,mycontract
smartbugs_curated,223: access_control; 437: access_control;,parity_wallet_bug_1
smartbugs_curated,226: access_control; 233: access_control;,parity_wallet_bug_2
smartbugs_curated,20: access_control;,phishable
smartbugs_curated,19: access_control;,proxy
smartbugs_curated,23: access_control;,rubixi
smartbugs_curated,12: access_control;,simple_suicide
smartbugs_curated,25: access_control;,unprotected0
smartbugs_curated,36: access_control;,wallet_02_refund_nosub
smartbugs_curated,19: access_control;,wallet_03_wrong_constructor
smartbugs_curated,30: access_control;,wallet_04_confused_sign
smartbugs_curated,264: arithmetic;,BECToken
smartbugs_curated,18: arithmetic;,insecure_transfer
smartbugs_curated,14: arithmetic;,integer_overflow_1
smartbugs_curated,17: arithmetic;,integer_overflow_add
smartbugs_curated,17: arithmetic;,integer_overflow_benign_1
smartbugs_curated,16: arithmetic;,integer_overflow_mapping_sym_1
smartbugs_curated,17: arithmetic;,integer_overflow_minimal
smartbugs_curated,17: arithmetic;,integer_overflow_mul
smartbugs_curated,25: arithmetic;,integer_overflow_multitx_multifunc_feasible
smartbugs_curated,22: arithmetic;,integer_overflow_multitx_onefunc_feasible
smartbugs_curated,14: arithmetic;,overflow_simple_add
smartbugs_curated,18: arithmetic; 24: arithmetic; 30: arithmetic; 36: arithmetic; 42: arithmetic; 48: arithmetic;,overflow_single_tx
smartbugs_curated,22: arithmetic;,timelock
smartbugs_curated,20: arithmetic; 22: arithmetic;,token
smartbugs_curated,23: arithmetic; 25: arithmetic; 33: arithmetic;,tokensalechallenge
smartbugs_curated,17: bad_randomness; 19: bad_randomness; 21: bad_randomness;,blackjack
smartbugs_curated,49: bad_randomness; 99: bad_randomness; 101: bad_randomness; 103: bad_randomness; 114: bad_randomness; 158: bad_randomness;,etheraffle
smartbugs_curated,15: bad_randomness;,guess_the_random_number
smartbugs_curated,38: bad_randomness; 42: bad_randomness;,lottery
smartbugs_curated,127: bad_randomness; 132: bad_randomness;,lucky_doubler
smartbugs_curated,35: bad_randomness;,old_blockhash
smartbugs_curated,12: bad_randomness; 18: bad_randomness; 20: bad_randomness; 22: bad_randomness;,random_number_generator
smartbugs_curated,523: bad_randomness; 560: bad_randomness; 700: bad_randomness; 702: bad_randomness; 704: bad_randomness; 706: bad_randomness; 708: bad_randomness; 710: bad_randomness; 712: bad_randomness; 714: bad_randomness; 716: bad_randomness; 718: bad_randomness;,smart_billions
smartbugs_curated,23: denial_service;,auction
smartbugs_curated,16: denial_service;,dos_address
smartbugs_curated,18: denial_service;,dos_number
smartbugs_curated,17: denial_service;,dos_simple
smartbugs_curated,46: denial_service; 48: denial_service;,list_dos
smartbugs_curated,24: denial_service;,send_loop
smartbugs_curated,110: front_running; 113: front_running;,ERC20
smartbugs_curated,17: front_running;,FindThisHash
smartbugs_curated,23: front_running; 31: front_running;,eth_tx_order_dependence_minimal
smartbugs_curated,25: front_running; 28: front_running;,odds_and_evens
smartbugs_curated,54: reentrancy;,0x01f8c4e3fa3edeb29e514cba738d87ce8c091d3f
smartbugs_curated,38: reentrancy;,0x23a91059fdc9579a9fbd0edc5f2ea0bfdb70deb4
smartbugs_curated,55: reentrancy;,0x4320e6f8c05b27ab4707cd1f6d5ce6f3e4b3a5a1
smartbugs_curated,54: reentrancy;,0x4e73b32ed6c35f570686b89848e5f39f20ecc106
smartbugs_curated,54: reentrancy;,0x561eac93c92360949ab1f1403323e6db345cbf31
smartbugs_curated,94: reentrancy;,0x627fa62ccbb1c1b04ffaecd72a53e37fc0e17839
smartbugs_curated,29: reentrancy;,0x7541b76cb60f4c60af330c208b0623b7f54bf615
smartbugs_curated,52: reentrancy;,0x7a8721a9d64c74da899424c1b52acbf58ddc9782
smartbugs_curated,29: reentrancy;,0x7b368c4e805c3870b6c49a3f1f49f69af8662cf3
smartbugs_curated,41: reentrancy;,0x8c7777c45481dba411450c228cb692ac3d550344
smartbugs_curated,29: reentrancy;,0x93c32845fae42c83a70e5f06214c8433665c2ab5
smartbugs_curated,44: reentrancy;,0x941d225236464a25eb18076df7da6a91d0f95e9e
smartbugs_curated,63: reentrancy;,0x96edbe868531bd23a6c05e9d0c424ea64fb1b78b
smartbugs_curated,54: reentrancy;,0xaae1f51cf3339f18b6d3f3bdc75a5facd744b0b8
smartbugs_curated,40: reentrancy;,0xb5e1b1ee15c6fa0e48fce100125569d430f1bd12
smartbugs_curated,38: reentrancy;,0xb93430ce38ac4a6bb47fb1fc085ea669353fd89e
smartbugs_curated,41: reentrancy;,0xbaf51e761510c1a11bf48dd87c0307ac8a8c8a4f
smartbugs_curated,63: reentrancy;,0xbe4041d55db380c5ae9d4a9b9703f1ed4e7e3888
smartbugs_curated,29: reentrancy;,0xcead721ef5b11f1a7b530171aab69b16c5e66b6e
smartbugs_curated,29: reentrancy;,0xf015c35649c82f5467c9c74b7f28ee67665aad68
smartbugs_curated,21: reentrancy;,etherbank
smartbugs_curated,27: reentrancy;,etherstore
smartbugs_curated,15: reentrancy;,modifier_reentrancy
smartbugs_curated,24: reentrancy;,reentrance
smartbugs_curated,28: reentrancy;,reentrancy_bonus
smartbugs_curated,24: reentrancy;,reentrancy_cross_function
smartbugs_curated,18: reentrancy;,reentrancy_dao
smartbugs_curated,17: reentrancy;,reentrancy_insecure
smartbugs_curated,24: reentrancy;,reentrancy_simple
smartbugs_curated,19: reentrancy;,simple_dao
smartbugs_curated,426: reentrancy; 430: reentrancy;,spank_chain_payment
smartbugs_curated,18: short_addresses;,short_address_example
smartbugs_curated,43: time_manipulation;,ether_lotto
smartbugs_curated,27: time_manipulation;,governmental_survey
smartbugs_curated,13: time_manipulation; 27: time_manipulation;,lottopollo
smartbugs_curated,18: time_manipulation; 20: time_manipulation;,roulette
smartbugs_curated,13: time_manipulation;,timed_crowdsale
smartbugs_curated,201: unchecked_low_calls; 213: unchecked_low_calls;,0x07f7ecb66d788ab01dc93b9b71a88401de7d0f2e
smartbugs_curated,12: unchecked_low_calls;,0x0cbe050f75bc8f8c2d6c0d249fea125fd6e1acc9
smartbugs_curated,439: unchecked_low_calls; 465: unchecked_low_calls;,0x19cf8481ea15427a98ba3cdd6d9e14690011ab10
smartbugs_curated,14: unchecked_low_calls;,0x2972d548497286d18e92b5fa1f8f9139e5653fd2
smartbugs_curated,44: unchecked_low_calls; 97: unchecked_low_calls;,0x39cfd754c85023648bf003bea2dd498c5612abfa
smartbugs_curated,44: unchecked_low_calls; 97: unchecked_low_calls;,0x3a0e9acd953ffc0dd18d63603488846a6b8b2b01
smartbugs_curated,29: unchecked_low_calls;,0x3e013fc32a54c4c5b6991ba539dcd0ec4355c859
smartbugs_curated,45: unchecked_low_calls;,0x3f2ef511aa6e75231e4deafc7a3d2ecab3741de2
smartbugs_curated,16: unchecked_low_calls;,0x4051334adc52057aca763453820cb0e045076ef3
smartbugs_curated,19: unchecked_low_calls;,0x4a66ad0bca2d700f11e1f2fc2c106f7d3264504c
smartbugs_curated,17: unchecked_low_calls;,0x4b71ad9c1a84b9b643aa54fdd66e2dec96e8b152
smartbugs_curated,21: unchecked_low_calls;,0x524960d55174d912768678d8c606b4d50b79d7b1
smartbugs_curated,27: unchecked_low_calls;,0x52d2e0f9b01101a59b38a3d05c80b7618aeed984
smartbugs_curated,29: unchecked_low_calls;,0x5aa88d2901c68fda244f1d0584400368d2c8e739
smartbugs_curated,33: unchecked_low_calls;,0x610495793564aed0f9c7fc48dc4c7c9151d34fd6
smartbugs_curated,44: unchecked_low_calls;,0x627fa62ccbb1c1b04ffaecd72a53e37fc0e17839
smartbugs_curated,1152: unchecked_low_calls; 1496: unchecked_low_calls; 2467: unchecked_low_calls;,0x663e4229142a27f00bafb5d087e1e730648314c3
smartbugs_curated,29: unchecked_low_calls;,0x70f9eddb3931491aab1aeafbc1e7f1ca2a012db4
smartbugs_curated,45: unchecked_low_calls;,0x78c2a1e91b52bca4130b6ed9edd9fbcfd4671c37
smartbugs_curated,44: unchecked_low_calls;,0x7a4349a749e59a5736efb7826ee3496a2dfd5489
smartbugs_curated,198: unchecked_low_calls; 210: unchecked_low_calls;,0x7d09edb07d23acb532a82be3da5c17d9d85806b4
smartbugs_curated,44: unchecked_low_calls;,0x806a6bd219f162442d992bdc4ee6eba1f2c5a707
smartbugs_curated,56: unchecked_low_calls;,0x84d9ec85c9c568eb332b7226a8f826d897e0a4a8
smartbugs_curated,162: unchecked_low_calls; 175: unchecked_low_calls; 180: unchecked_low_calls; 192: unchecked_low_calls;,0x89c1b3807d4c67df034fffb62f3509561218d30b
smartbugs_curated,44: unchecked_low_calls; 97: unchecked_low_calls;,0x8fd1e427396ddb511533cf9abdbebd0a7e08da35
smartbugs_curated,55: unchecked_low_calls;,0x958a8f594101d2c0485a52319f29b2647f2ebc06
smartbugs_curated,54: unchecked_low_calls; 65: unchecked_low_calls;,0x9d06cbafa865037a01d322d3f4222fa3e04e5488
smartbugs_curated,31: unchecked_low_calls;,0xa1fceeff3acc57d257b917e30c4df661401d6431
smartbugs_curated,16: unchecked_low_calls;,0xa46edd6a9a93feec36576ee5048146870ea2c3ae
smartbugs_curated,69: unchecked_low_calls; 71: unchecked_low_calls; 73: unchecked_low_calls; 75: unchecked_low_calls; 102: unchecked_low_calls;,0xb0510d68f210b7db66e8c7c814f22680f2b8d1d6
smartbugs_curated,14: unchecked_low_calls;,0xb11b2fed6c9354f7aa2f658d3b4d7b31d8a13b77
smartbugs_curated,33: unchecked_low_calls;,0xb37f18af15bafb869a065b61fc83cfc44ed9cc27
smartbugs_curated,100: unchecked_low_calls; 106: unchecked_low_calls; 133: unchecked_low_calls;,0xb620cee6b52f96f3c6b253e6eea556aa2d214a99
smartbugs_curated,25: unchecked_low_calls;,0xb7c5c5aa4d42967efe906e1b66cb8df9cebf04f7
smartbugs_curated,14: unchecked_low_calls;,0xbaa3de6504690efb064420d89e871c27065cdd52
smartbugs_curated,14: unchecked_low_calls;,0xbebbfe5b549f5db6e6c78ca97cac19d1fb03082c
smartbugs_curated,44: unchecked_low_calls;,0xd2018bfaa266a9ec0a1a84b061640faa009def76
smartbugs_curated,16: unchecked_low_calls;,0xd5967fed03e85d1cce44cab284695b41bc675b5c
smartbugs_curated,39: unchecked_low_calls;,0xdb1c55f6926e7d847ddf8678905ad871a68199d2
smartbugs_curated,150: unchecked_low_calls;,0xe09b1ab8111c2729a76f16de96bc86a7af837928
smartbugs_curated,44: unchecked_low_calls;,0xe4eabdca81e31d9acbc4af76b30f532b6ed7f3bf
smartbugs_curated,39: unchecked_low_calls;,0xe82f0742a71a02b9e9ffc142fdcb6eb1ed06fb87
smartbugs_curated,17: unchecked_low_calls;,0xe894d54dca59cb53fe9cbc5155093605c7068220
smartbugs_curated,30: unchecked_low_calls;,0xec329ffc97d75fe03428ae155fc7793431487f63
smartbugs_curated,18: unchecked_low_calls;,0xf2570186500a46986f3139f65afedc2afe4f445d
smartbugs_curated,16: unchecked_low_calls;,0xf29ebe930a539a60279ace72c707cba851a57707
smartbugs_curated,44: unchecked_low_calls;,0xf70d589d76eebdd7c12cc5eec99f8f6fa4233b9e
smartbugs_curated,109: unchecked_low_calls; 141: unchecked_low_calls;,etherpot_lotto
smartbugs_curated,110: unchecked_low_calls; 118: unchecked_low_calls; 132: unchecked_low_calls; 174: unchecked_low_calls;,king_of_the_ether_throne
smartbugs_curated,20: unchecked_low_calls; 27: unchecked_low_calls;,lotto
smartbugs_curated,14: unchecked_low_calls;,mishandled
smartbugs_curated,17: unchecked_low_calls;,unchecked_return_value
zeus_vulnerable,7: access_control; 13: arithmetic;,0xe47014f16c55ddd3add5b68b951e10fcea7da686
zeus_vulnerable,166: unchecked_low_calls; 202: arithmetic;,0x032747313c4e914b5fce356ab8dc4df551972dcd
zeus_vulnerable,30: unchecked_low_calls; 36: unchecked_low_calls; 52: unchecked_low_calls;,0x5158cf97c3e001b402ccb0f9063736ee8d6dad5a
zeus_vulnerable,31: unchecked_low_calls;,0xa39fcb48adf288f143459d57a1a0756718c919ae
zeus_vulnerable,30: unchecked_low_calls; 53: unchecked_low_calls; 46: arithmetic;,0xdcb13fa157eebf22ddc8c9aa1d6e394810de6fa3
zeus_vulnerable,83: reentrancy; 72: unchecked_low_calls; 40: arithmetic;,0xe19e5f100d6a31169b5dca265c9285059c41d4f6
zeus_vulnerable,31: unchecked_low_calls; 44: arithmetic; 49: arithmetic; 65: unchecked_low_calls;,0xfd2487cc0e5dce97f08be1bc8ef1dce8d5988b4d
zeus_vulnerable,143: arithmetic; 144: arithmetic;,0x125c0260feec92471d1a144f3cdce185a565f374
zeus_vulnerable,116: arithmetic;,0x18429dedafbb65443edf60402294df5c01aee1da
zeus_vulnerable,no;,0x3a09769f27a6e4b01bc58b1273bcaa8159033ec5
zeus_vulnerable,129: arithmetic; 130: arithmetic; 135: arithmetic; 136: arithmetic;,0x50ae8d7c70c33d1f40b36c75fe9f560646134dd5
zeus_vulnerable,114: arithmetic; 115: arithmetic; 123: arithmetic;,0x740e6b6f0a0165e8bb3d1cdf94862bdffbded22e
zeus_vulnerable,113: arithmetic; 114: arithmetic; 121: arithmetic; 122: arithmetic;,0x9220d625bd6bea95c865b3c4faf273bfbd6bc48a
zeus_vulnerable,no;,0x41dfc15cf7143b859a681dc50dcb3767f44b6e0b
zeus_vulnerable,no;,0x4a7fd82c5c173be7d41541b76c43e26553b0f28b
zeus_vulnerable,no;,0x673f0dec1416803a39d50760c697fb26f4c539b0
zeus_vulnerable,no;,0x9ae98746EB8a0aeEe5fF2b6B15875313a986f103
zeus_vulnerable,no;,0xd6362516C7D7934fA2dceC4Be8fd4FcA79e98bc5
zeus_vulnerable,no;,0xF74A6e92588eE0a524b44b251E0b47d1A15824f7
zeus_vulnerable,38: unchecked_low_calls;,0x7fe180e63198e50057c3f2817d058e8904c650e3
zeus_vulnerable,no;,0xbf04a03a4ad0455b450888099eb43a1780feb10d
zeus_vulnerable,120: arithmetic;,0x6846b938f9be9f1eeeb9bfd853636c805f8f54d3
zeus_vulnerable,120: arithmetic;,0x8e66ffe69b3f8d78f2a696e40c02f7454c0a01d9
zeus_vulnerable,307: time_manipulation;,0x9473bc8bb575ffc15cb2179cd9398bdf5730bf55
zeus_vulnerable,92: arithmetic; 98: arithmetic;,0x95c2906debbb9203ff7007f26c2f00a936c77b5d
zeus_vulnerable,no;,0xd2f7bba33a3b81792c0f9cc2de6d9266002a5591
zeus_vulnerable,96: arithmetic; 102: arithmetic;,0xf77ac34cd0ed42f2b5d8cfcf4fa0f4bb1b80b9d8
zeus_vulnerable,35: unchecked_low_calls; 32: unchecked_low_calls;,0x385e817b0083724672cb998a7afcf6da05bc0c7f
zeus_vulnerable,71: arithmetic;,0x4f529990b7f3d1fb4152736155e431c96fd86294
zeus_vulnerable,190: arithmetic; 80: time_manipulation;,0x72a68Fb6d91Ed8Dc47B564e088E518C6D4a6FF44
zeus_vulnerable,54: arithmetic; 96: front_running;,0x352F448408b612BBAC57D81C785F839e0c386698
zeus_vulnerable,33: unchecked_low_calls; 36: unchecked_low_calls; 40: unchecked_low_calls;,0x472d4827266f0e83d12feb52f785c7e22ab5f0b6
zeus_vulnerable,no;,0x17683235257f2089E3E4aCC9497f25386a529507
zeus_vulnerable,no;,0x709c7134053510fce03b464982eab6e3d89728a5
zeus_vulnerable,40: unchecked_low_calls;,0x75aa81161e07483f6ca199fef46c13eb13d190be
zeus_vulnerable,24: unchecked_low_calls;,0x8b099BDCfea93FAeCFAC13D0dBc1D08c4e1EC595
zeus_vulnerable,38: unchecked_low_calls; 46: unchecked_low_calls;,0xa1c1983aa3599657a74cf5a563e880eedc57ae4f
zeus_vulnerable,119: access_control;,0xAA93338eF3B64A50Dcfb2EbA57A1eb4Ad59D955b
zeus_vulnerable,31: time_manipulation; 38: unchecked_low_calls;,0xca16790e9bb125392960e78befff1d4df4cb5b58
zeus_vulnerable,no;,0x015A06a433353f8db634dF4eDdF0C109882A15AB
zeus_vulnerable,38: arithmetic; 46: unchecked_low_calls;,0x40360631db85eddab268dd1b6ffea4377733e125
zeus_vulnerable,no;,0x675283432d53531e11eD459C51FB508B7C9585Fb
zeus_vulnerable,no;,0x9d31FF892f984a83e8b342a5Ece8e8911Ed909e0
zeus_vulnerable,30: unchecked_low_calls; 39: unchecked_low_calls;,0xb0ceaa9cc523332cbef9fc606221cc0bc2d0872d
zeus_vulnerable,53: time_manipulation; 54: time_manipulation; 135: arithmetic;,0x1e797Ce986C3CFF4472F7D38d5C4aba55DfEFE40
zeus_vulnerable,84: time_manipulation;,0x723dff0e27cc38b80556f5e05dfdbdcb721654d7
zeus_vulnerable,74: arithmetic; 84: arithmetic; 341: arithmetic; 209: time_manipulation; 331: time_manipulation; 332: time_manipulation;,0xa0388ffb2a3c198dee723135e0caa423840b375a
zeus_vulnerable,42: arithmetic; 57: arithmetic;,0x131288b47c92409d0778d0aa2fbb8367e3399d33
zeus_vulnerable,30: arithmetic;,0x940e7d8fb34921c3c5bbb8b9792b1a0e4688fe9b
zeus_vulnerable,36: arithmetic; 53: arithmetic;,0xb84005872b407999a4a97f91d5ef40baaf1b9dc2
zeus_vulnerable,11: front_running;,0xD35e6F3B26F8992a7F023Ad878e13A82ddEd2232
zeus_vulnerable,no;,0x3bb2bb5c6c9c9b7f4ef430b47dc7e026310042ea
zeus_vulnerable,no;,0x44691b39d1a75dc4e0a0346cbb15e310e6ed1e86
zeus_vulnerable,no;,0x4a56ebd89b2750bf42ddec1cd3845938983be0d2
zeus_vulnerable,no;,0x5385d02f3a254ca716c144c7c333553a2e6ec931
zeus_vulnerable,no;,0x5f0281910af44bfb5fc7e86a404d0304b0e042f1
zeus_vulnerable,no;,0xd70994d7020df8052a1124561ff548f3b88744d8
zeus_vulnerable,62: unchecked_low_calls; 70: time_manipulation;,0x0d47d4aea9da60953fd4ae5c47d2165977c7fbea
zeus_vulnerable,146: arithmetic; 147: arithmetic;,0x77eec19c8ba79b1c7c79311ec810cbf88d924751
zeus_vulnerable,75: time_manipulation; 75: arithmetic;,0x1d77340D3819007BbfD7fdD37C22BD3b5c311350
zeus_vulnerable,111: unchecked_low_calls;,0x3398080b81a1cff1429af347ce2b17fc28de3937
zeus_vulnerable,108: unchecked_low_calls;,0x559b52b6a30Ba913A7e8F85C4A6Aa443a0FE66ab
zeus_vulnerable,231: time_manipulation;,0x7698392fff47d8d4cee21295ad1f31b6ced9ad66
zeus_vulnerable,112: arithmetic; 89: time_manipulation;,0x9bfe61748ba9b71789de234d2bdc8fa21047d3cb
zeus_vulnerable,no;,0xd6ec04c0f9587cb822c315f662954af8c2174d66
zeus_vulnerable,111: unchecked_low_calls; 125: arithmetic;,0xe3282094d332d26f7Dfca853899eC1736f0295ce
zeus_vulnerable,91: arithmetic;,0xe736091fc36f1ad476f5e4e03e4425940822d3ba
zeus_vulnerable,151: time_manipulation;,0x493f121b6f769fc8dbfb47ab834b13561d835009
zeus_vulnerable,115: arithmetic; 117: front_running; 195: unchecked_low_calls; 214: unchecked_low_calls;,0x98f0485cdd22710a9a923e616567eadfe62e258e
zeus_vulnerable,27: unchecked_low_calls; 33: unchecked_low_calls; 39: unchecked_low_calls;,0xC33281d43BD23b6F8Ec8880C663D7603B85cb383
zeus_vulnerable,44: arithmetic;,0x0c7b8eedd028f3730e7b0f3dc032e916302f09b4
zeus_vulnerable,72: arithmetic;,0x4b19f307dda1be6bc17c999bc29e24633155c990
zeus_vulnerable,62: unchecked_low_calls;,0x8e0806b4e7aa1e74d798124756bcf1263cd830d0
zeus_vulnerable,31: arithmetic;,0x143E8bD26D95b230680C25300F93eF56F86eCCAC
zeus_vulnerable,77: arithmetic; 179: time_manipulation;,0x65bBC91459aAAd9603ef1345c6Bb6396dd6772B9
zeus_vulnerable,no;,0x98a31890002355fbe5231c60db4b1b6c28f45e90
zeus_vulnerable,no;,0xabea74917283a8662865894c7d6cfecafd85ceb6
zeus_vulnerable,179: unchecked_low_calls; 249: unchecked_low_calls; 216: unchecked_low_calls;,0xAF6D36e6A376CDa44a5Ce9280507e5E24132C143
zeus_vulnerable,79: arithmetic; 186: time_manipulation;,0xCE3b5fFca16ffF926c890f0885A3e90cEb89db0A
zeus_vulnerable,76: arithmetic; 179: unchecked_low_calls; 169: front_running; 179: time_manipulation;,0xd8d4E59fabb7D8A1D013D577689cB612A8e5F826
zeus_vulnerable,79: arithmetic; 181: front_running; 187: time_manipulation;,0xF0d8af9125dE2761B42DBB0B1014bF232219a1c5
zeus_vulnerable,31: arithmetic;,0xF1c1648f6F0EdbCF7d898441b88E489CfaAce11D
zeus_vulnerable,no;,0x488b7b5ed8ee6fa28c0cb3a0ee7351573070601d
zeus_vulnerable,no;,0x9ab2b9bd7c70ba12757eadcda5a9626ac247fadf
zeus_vulnerable,89: time_manipulation;,0xc1f9de7df87eb7a933192e4e9178b0b07472f65c
zeus_vulnerable,44: front_running;,0x7d3ae940eb73dc9131758ad2e326c7d863b0916a
zeus_vulnerable,no;,0x2dc0170450e66af2d3f5c56aa0b20ec4a254902e
zeus_vulnerable,94: time_manipulation; 106: time_manipulation;,0x362bb67f7fdbdd0dbba4bce16da6a284cf484ed6
zeus_vulnerable,143: arithmetic; 144: arithmetic;,0x3eab9a2fa76f16cdc46e707ff928f7995886dee0
zeus_vulnerable,136: bad_randomness;,0x93eeabbe86d19bda39ea2d1049baf2c0878ded23
zeus_vulnerable,no;,0xaf2b8e6114da000176c506f77b173251c16b511d
zeus_vulnerable,91: unchecked_low_calls; 90: access_control; 105: arithmetic;,0xc7dfe4304bd4c9dd6ed414443c077fc06501e9ac
zeus_vulnerable,72: arithmetic; 30: unchecked_low_calls; 83: unchecked_low_calls; 75: unchecked_low_calls; 106: unchecked_low_calls; 117: unchecked_low_calls;,0x5b2ff75d7eaa47db475707dae12a688102ef4290
zeus_vulnerable,26: bad_randomness;,0x6a6581a884c4729586479307e5694bf836617517
zeus_vulnerable,10: denial_service;,0x15e745a2e3b677ec6421291b212d3917b3738dee
zeus_vulnerable,no;,0x705f04a4f1e7a1e23caea390b8903bd43d96e18e
zeus_vulnerable,83: unchecked_low_calls; 64: front_running;,0x02e01e9a73ed2cb24b32628c935256e455b0a078
zeus_vulnerable,208: arithmetic; 199: time_manipulation;,0x5A5eFF38DA95b0D58b6C616f2699168B480953C9
zeus_vulnerable,32: unchecked_low_calls; 49: arithmetic; 55: unchecked_low_calls; 65: unchecked_low_calls;,0x8f13a1d43408b6434dd10e161361386f3952d665
zeus_vulnerable,109: unchecked_low_calls; 118: unchecked_low_calls; 184: unchecked_low_calls; 199: unchecked_low_calls; 203: unchecked_low_calls; 217: unchecked_low_calls; 221: unchecked_low_calls; 232: unchecked_low_calls; 243: unchecked_low_calls; 188: arithmetic; 220: arithmetic; 155: time_manipulation;,0x1F36f2249eC89266Ad4EE4351538148aaEBc72e8
zeus_vulnerable,60: arithmetic; 119: time_manipulation;,0xeb17adcc8cf24d2d6813f50f647b613df01014a2
zeus_vulnerable,52: unchecked_low_calls; 75: unchecked_low_calls; 173: unchecked_low_calls; 180: unchecked_low_calls;,0x09F0aaABe4Df881797698aF29477A65AC9A302d1
zeus_vulnerable,100: arithmetic; 134: unchecked_low_calls;,0x63dd6f40007731eb7e70a7ae43b55c0fb2090c99
zeus_vulnerable,51: unchecked_low_calls; 75: unchecked_low_calls; 110: time_manipulation; 131: time_manipulation; 180: unchecked_low_calls;,0xbAaBE94C786FE90514Dc6fA68499FD93EE583a5c
zeus_vulnerable,51: unchecked_low_calls; 75: unchecked_low_calls; 113: arithmetic; 180: arithmetic;,0xf36b0F457999CbBB436EeB28DBb5944bfC3f99DE
zeus_vulnerable,71: time_manipulation; 76: unchecked_low_calls;,0x8b4aa759d83ec43efba755fc27923e4a581bccc1
zeus_vulnerable,10: time_manipulation; 11: unchecked_low_calls;,0xc5912c5AA88D7c947C9510b3c8D76543C72Ed98c
zeus_vulnerable,93: unchecked_low_calls; 98: unchecked_low_calls; 151: unchecked_low_calls;,0x6CaFdC06177F6f4B4B4638c987397b07Cd948aed
zeus_vulnerable,13: access_control; 41: unchecked_low_calls; 46: unchecked_low_calls;,0x83651a62b632c261442f396ad7202fe2a4995e3a
zeus_vulnerable,58: unchecked_low_calls; 64: unchecked_low_calls; 74: unchecked_low_calls; 166: unchecked_low_calls; 152: unchecked_low_calls;,0xad87e48d553C2308dccaB428537F6d0809593bA4
zeus_vulnerable,99: unchecked_low_calls; 151: unchecked_low_calls; 94: unchecked_low_calls;,0xB61fb596B0cC9FA829d678eb0B8a0e058c3f1b91
zeus_vulnerable,38: unchecked_low_calls; 43: unchecked_low_calls; 87: unchecked_low_calls; 91: unchecked_low_calls;,0xb97768a8e31789dbece1403694e53c2142c3d706
zeus_vulnerable,45: arithmetic; 53: unchecked_low_calls; 61: unchecked_low_calls;,0xC357a046C5C13bb4e6d918a208b8B4A0aB2F2EFd
zeus_vulnerable,30: unchecked_low_calls; 36: unchecked_low_calls; 52: unchecked_low_calls;,0x422f8015c5d8168edee923749701360a8a4d0703
zeus_vulnerable,45: unchecked_low_calls; 49: unchecked_low_calls; 91: unchecked_low_calls; 92: unchecked_low_calls; 93: unchecked_low_calls; 113: unchecked_low_calls; 162: unchecked_low_calls; 168: unchecked_low_calls;,0x7c4a690585ffe89c01aebfce188b9bec8def9e8d
zeus_vulnerable,137: unchecked_low_calls; 408: unchecked_low_calls; 472: unchecked_low_calls;,0x870FE80e76DaE4a4c12690dEc52456ab13176202
zeus_vulnerable,30: unchecked_low_calls;,0x8ea6c8077d6316b46e449aec8fb60a606cf50eea
zeus_vulnerable,77: reentrancy; 66: unchecked_low_calls;,0x9f1d916a456b96146e9f0dbbd0e107a1f389a061
zeus_vulnerable,26: unchecked_low_calls; 31: unchecked_low_calls; 38: unchecked_low_calls; 70: unchecked_low_calls; 71: unchecked_low_calls; 79: unchecked_low_calls;,0xAc504e2a9c870A48de521ed513B251B1f7116Dd9
zeus_vulnerable,26: unchecked_low_calls; 31: unchecked_low_calls; 38: unchecked_low_calls; 79: unchecked_low_calls;,0xbf280a05a1aa9360fee28b61ba0b01abbf16ba49
zeus_vulnerable,42: unchecked_low_calls; 48: unchecked_low_calls; 58: unchecked_low_calls; 103: unchecked_low_calls; 158: unchecked_low_calls; 166: unchecked_low_calls;,0xC1ce17303ef35C128B499eD091F39008B3a57389
zeus_vulnerable,72: unchecked_low_calls;,0xc5e8AaeC3BD3ebe78b5bcd0F1560F0a61cc945cf
zeus_vulnerable,44: unchecked_low_calls; 49: unchecked_low_calls; 85: unchecked_low_calls; 97: unchecked_low_calls; 102: unchecked_low_calls; 122: unchecked_low_calls;,0xdcabd383a7c497069d0804070e4ba70ab6ecdd51
zeus_vulnerable,56: arithmetic; 54: unchecked_low_calls;,0xe7f06E64E0D04C6cfEDF7e9079D56d0fB7200a2E
zeus_vulnerable,52: arithmetic; 105: unchecked_low_calls;,0x0389a06b028526b05966c287370bebefa0082176
zeus_vulnerable,43: unchecked_low_calls; 48: unchecked_low_calls; 58: unchecked_low_calls; 61: unchecked_low_calls; 62: unchecked_low_calls; 65: unchecked_low_calls; 66: unchecked_low_calls; 67: unchecked_low_calls; 85: unchecked_low_calls; 103: unchecked_low_calls; 123: unchecked_low_calls; 139: unchecked_low_calls;,0x3e84512f277A5081B9209831C51bCe665035D9DB
zeus_vulnerable,155: unchecked_low_calls; 126: time_manipulation;,0x49c3019b7a83b3c77a823255533975969027308d
zeus_vulnerable,64: unchecked_low_calls; 57: arithmetic;,0x51170b18bcA7896B49c52Dcc18E66e5C921e100F
zeus_vulnerable,27: unchecked_low_calls; 56: unchecked_low_calls; 58: front_running;,0x748defc02aa6221Ae4dB129bbE7e6A97537A6f45
zeus_vulnerable,57: arithmetic; 62: arithmetic; 87: unchecked_low_calls; 106: time_manipulation;,0xBa69e7C96E9541863f009E713CaF26d4Ad2241a0
zeus_vulnerable,42: unchecked_low_calls; 46: unchecked_low_calls; 77: unchecked_low_calls; 126: unchecked_low_calls; 133: unchecked_low_calls; 69: arithmetic; 70: arithmetic;,0xcac337492149bdb66b088bf5914bedfbf78ccc18
zeus_vulnerable,66: arithmetic;,0xe4C1c33ed635263c61bF61dB751b8A74ee3AF0e4
zeus_vulnerable,68: arithmetic; 66: time_manipulation;,0x0807a2d6a675e7196a3d9b1910700cae9795b72a
zeus_vulnerable,146: arithmetic; 150: arithmetic;,0x68662fae9167d1e3eb6fd0ed7c416826faa20b0c
zeus_vulnerable,90: unchecked_low_calls; 100: unchecked_low_calls; 52: access_control;,0x7be89db09b0c1023fd0407b24b98810ae97f61c1
zeus_vulnerable,149: arithmetic; 150: arithmetic;,0x83b6ad8e37ab7a4f71da533a35271484270ec6c2
zeus_vulnerable,54: access_control; 56: time_manipulation; 67: time_manipulation;,0x9e611784170b297091de56eb50162548d9b54d87
zeus_vulnerable,27: access_control; 60: unchecked_low_calls;,0x9ffa45c5943a0203ee462c48c8b97064abbe28f3
zeus_vulnerable,98: arithmetic; 106: time_manipulation; 111: time_manipulation;,0xf66ca56fc0cf7b5d9918349150026be80b327892
zeus_vulnerable,no;,0xfac50f760d114de38bf0a6d44f31a9c22f778db3
zeus_vulnerable,82: unchecked_low_calls; 91: unchecked_low_calls; 142: unchecked_low_calls; 162: unchecked_low_calls; 104: access_control;,0x007d42b9192b8C087b0D3E6ef73AAE48E74b41c1
zeus_vulnerable,30: unchecked_low_calls; 36: unchecked_low_calls; 52: unchecked_low_calls; 63: unchecked_low_calls;,0x02B2101903eB6a51518E63e84B785180859FDa9d
zeus_vulnerable,29: unchecked_low_calls; 35: unchecked_low_calls; 56: arithmetic;,0x062524205ca7ecf27f4a851edec93c7ad72f427b
zeus_vulnerable,30: unchecked_low_calls; 36: unchecked_low_calls; 52: unchecked_low_calls; 63: unchecked_low_calls;,0x1492cdd605d91658f228eab14d8444b60e6da8df
zeus_vulnerable,34: unchecked_low_calls; 48: arithmetic;,0x2a53F42aD8BbA138C21b50a4e5711f18381A61E9
zeus_vulnerable,84: unchecked_low_calls; 93: unchecked_low_calls; 144: unchecked_low_calls; 164: unchecked_low_calls;,0x41F2d5040726C5328f8366F17041ec012aC8f338
zeus_vulnerable,33: time_manipulation; 38: unchecked_low_calls; 44: unchecked_low_calls;,0x4398a4a10347d8f18029c07853a7a689eebbb925
zeus_vulnerable,30: unchecked_low_calls; 36: unchecked_low_calls; 52: unchecked_low_calls;,0x750241c16c9fb878a7afd2b07b80f53e02c3f634
zeus_vulnerable,89: unchecked_low_calls; 90: arithmetic; 99: unchecked_low_calls; 100: arithmetic; 112: unchecked_low_calls;,0x78b058ccda93816487C655367dCb79664A216AD2
zeus_vulnerable,24: unchecked_low_calls; 35: unchecked_low_calls;,0x78d4f849aab2b0a5a66f76b9b1ff47da5a9ae492
zeus_vulnerable,72: unchecked_low_calls;,0x9d3899df1d9f030a32dd5571fe3c7ef72d6ae566
zeus_vulnerable,35: unchecked_low_calls; 41: unchecked_low_calls; 93: unchecked_low_calls; 102: unchecked_low_calls; 105: unchecked_low_calls;,0xa623Bca1460BB9207AA8b4ad00fAEA3f30F0c549
zeus_vulnerable,51: unchecked_low_calls; 126: unchecked_low_calls; 142: unchecked_low_calls; 161: unchecked_low_calls; 177: unchecked_low_calls; 186: unchecked_low_calls;,0xc90233644d2eeb37a7ec641072c85ad272ef2feb
zeus_vulnerable,31: unchecked_low_calls;,0xCaaCA224e35D0a1Fa3304a3C4eC8beb5F28A99Aa
zeus_vulnerable,30: unchecked_low_calls; 36: unchecked_low_calls; 50: arithmetic; 55: unchecked_low_calls;,0xd12d8F8dFa54F1578B2177F99B2e282367b66B13
zeus_vulnerable,27: unchecked_low_calls; 34: unchecked_low_calls; 19: unchecked_low_calls;,0xe120100349a0b1BF826D2407E519D75C2Fe8f859
zeus_vulnerable,82: unchecked_low_calls; 106: arithmetic; 149: unchecked_low_calls; 150: arithmetic;,0xEe462A6717f17C57C826F1ad9b4d3813495296C9
zeus_vulnerable,34: unchecked_low_calls; 40: unchecked_low_calls; 73: unchecked_low_calls;,0xfba6ae30dfe97b20ad9ecccd5057ab3e5a1c41fa
zeus_vulnerable,57: unchecked_low_calls;,0x0444f06a52320af2df7e60d1923080002838ce93
zeus_vulnerable,54: unchecked_low_calls; 57: unchecked_low_calls; 64: unchecked_low_calls;,0x09515Cb5e3aCaEf239Ab83d78B2F3e3764FcaB9B
zeus_vulnerable,54: unchecked_low_calls; 57: unchecked_low_calls;,0x1368e088682b3ea455c4856297365542ca6828d8
zeus_vulnerable,30: unchecked_low_calls; 36: unchecked_low_calls; 63: unchecked_low_calls; 65: arithmetic;,0x1aFd952269873FE009C7BDFF5f07Fd91605a7227
zeus_vulnerable,72: arithmetic; 99: unchecked_low_calls;,0x237f29bbFd52C768A02980eA8D4D983a1D234eDC
zeus_vulnerable,55: unchecked_low_calls; 58: unchecked_low_calls;,0x258d778e4771893758dfd3e7dd1678229320eeb5
zeus_vulnerable,60: unchecked_low_calls; 64: unchecked_low_calls;,0x275498d1fb7ffb5b521f89b23c84224af9f96ea6
zeus_vulnerable,58: unchecked_low_calls; 63: unchecked_low_calls;,0x3ab274f835d1939d20d0bbb72a1fb513d7a7a675
zeus_vulnerable,81: unchecked_low_calls; 84: arithmetic; 93: arithmetic; 105: arithmetic; 141: unchecked_low_calls; 161: unchecked_low_calls;,0x43e49c79172a1be3EBb4240DA727c0DA0FA5d233
zeus_vulnerable,56: unchecked_low_calls; 60: unchecked_low_calls; 67: unchecked_low_calls;,0x55d035Ba1F4Ae932Cf98125b93D830d9858cd39F
zeus_vulnerable,57: unchecked_low_calls; 60: unchecked_low_calls;,0x772cba2f87f92e95bb8ffa96187bbedebbb484d3
zeus_vulnerable,60: unchecked_low_calls; 73: access_control;,0x9D5BdAa9d82782c03402dD5c675aE3E45B3102e2
zeus_vulnerable,30: unchecked_low_calls; 36: unchecked_low_calls; 52: unchecked_low_calls;,0xa83c4a6d0418074655bdbe74fed8435c46c19f66
zeus_vulnerable,59: unchecked_low_calls; 64: unchecked_low_calls;,0xb1d58bad78f33892719cdeba218f8641a71a3f05
zeus_vulnerable,43: unchecked_low_calls; 48: unchecked_low_calls; 61: unchecked_low_calls; 62: unchecked_low_calls; 65: unchecked_low_calls; 66: unchecked_low_calls; 67: unchecked_low_calls; 85: unchecked_low_calls; 103: unchecked_low_calls; 109: unchecked_low_calls; 124: unchecked_low_calls; 139: unchecked_low_calls; 79: arithmetic; 97: arithmetic; 53: time_manipulation;,0xb5aff01f3e820735fac9abb594dc9993cb9e5bd2
zeus_vulnerable,30: unchecked_low_calls; 36: unchecked_low_calls; 52: unchecked_low_calls;,0xba3048b17d1e8c1412ea29af9af795786065b5f9
zeus_vulnerable,58: unchecked_low_calls; 72: unchecked_low_calls; 162: unchecked_low_calls; 165: unchecked_low_calls; 85: arithmetic;,0xbA6284cA128d72B25f1353FadD06Aa145D9095Af
zeus_vulnerable,49: unchecked_low_calls; 54: unchecked_low_calls; 100: unchecked_low_calls; 76: arithmetic;,0xBe46324018124B2d604c2f3eaE91D3De9b388b09
zeus_vulnerable,58: unchecked_low_calls; 63: unchecked_low_calls;,0xe1388626C8dE5Fd7E5683A83d8da6a34153e9B18
zeus_vulnerable,58: unchecked_low_calls; 59: unchecked_low_calls;,0xebfed9e4ae035b0f7ae982d1a7abfe0aa26a0341
zeus_vulnerable,29: unchecked_low_calls; 35: unchecked_low_calls; 50: unchecked_low_calls;,0xf70ce1be9685b0cfb531bc712d3faace858b5bfb
zeus_vulnerable,97: unchecked_low_calls; 122: unchecked_low_calls; 154: arithmetic;,0x0312855BB6E548578a36fA8DE63B8F0d3D7D7dc2
zeus_vulnerable,30: unchecked_low_calls; 36: unchecked_low_calls; 52: unchecked_low_calls; 65: arithmetic;,0x0f26c26318872e8fa85dee5d30cba45ed53b3d3e
zeus_vulnerable,24: arithmetic; 30: unchecked_low_calls;,0x16A4ff536001405f2B0d7ddAfC79f6A10D024640
zeus_vulnerable,30: unchecked_low_calls; 36: unchecked_low_calls; 52: unchecked_low_calls; 63: unchecked_low_calls;,0x37b53b46fa74ac3f9b4340dc5a39aabb0f2afa33
zeus_vulnerable,30: unchecked_low_calls; 36: unchecked_low_calls; 63: unchecked_low_calls;,0x4028b9672bfd71ba2fcd97a6c82e06f72eaa14ba
zeus_vulnerable,30: unchecked_low_calls; 36: unchecked_low_calls; 63: unchecked_low_calls; 65: arithmetic;,0x4229a873bbd207deef8f41e807e563c26033d118
zeus_vulnerable,31: unchecked_low_calls; 37: unchecked_low_calls; 59: unchecked_low_calls;,0x428Da5ff72D8Be0EfAa85336B6c6A9fC9E0F73fe
zeus_vulnerable,30: unchecked_low_calls; 36: unchecked_low_calls; 52: unchecked_low_calls;,0x4668cd871eba35997e1fbe66d0eddf6612d018ce
zeus_vulnerable,30: unchecked_low_calls; 36: unchecked_low_calls; 52: unchecked_low_calls;,0x5a437D94843541d5cB83221a4A4B253dE30B97b7
zeus_vulnerable,27: unchecked_low_calls; 24: arithmetic;,0x70E2475B7DA322D4a379e43cD7495C63C055192A
zeus_vulnerable,30: unchecked_low_calls; 36: unchecked_low_calls; 52: unchecked_low_calls;,0x80D9C4F6209044De069c545f68644419b520a02F
zeus_vulnerable,30: unchecked_low_calls;,0x89c2352Cb600df56fe4BFB5882caAdEF3E96213f
zeus_vulnerable,40: access_control; 41: unchecked_low_calls; 56: unchecked_low_calls; 73: arithmetic;,0x9da7902394fb19ddd340d47398d35e3405bf79ec
zeus_vulnerable,53: arithmetic; 68: unchecked_low_calls; 75: unchecked_low_calls;,0xa259e6bcade86c770cb5214c789ee107662831a6
zeus_vulnerable,30: unchecked_low_calls; 36: unchecked_low_calls; 52: unchecked_low_calls;,0xa379bbdd0af814502eb9b38d475c7fa7411bb4ec
zeus_vulnerable,30: unchecked_low_calls; 29: arithmetic;,0xa850E6f693B9bCB31df3eE44e7888EF19E608107
zeus_vulnerable,30: unchecked_low_calls; 36: unchecked_low_calls; 52: unchecked_low_calls;,0xcff9cb72d19c10df754ae7be6d280e379cdb2354
zeus_vulnerable,30: unchecked_low_calls; 36: unchecked_low_calls; 52: unchecked_low_calls;,0xf243688304fa4f6c6efadc22b9c1dd009aa76650
zeus_vulnerable,33: unchecked_low_calls;,0xf7070fc72e2b92c6309785a39338d7c919a3cf4a
zeus_vulnerable,30: unchecked_low_calls; 36: unchecked_low_calls; 52: unchecked_low_calls;,0xf835b307bc5348194ae01ed729170c84217ba688
zeus_vulnerable,30: unchecked_low_calls; 36: unchecked_low_calls; 52: unchecked_low_calls; 63: unchecked_low_calls;,0x1213c29b5e1a6f33e0d044f850a57b665e3cde21
zeus_vulnerable,32: unchecked_low_calls; 64: unchecked_low_calls;,0x19a6067538c90973eF5dC31Ded5Fa567f3d09059
zeus_vulnerable,66: unchecked_low_calls; 54: arithmetic;,0x316201F586706aAa2795bC2a3F0BAd2379c363e4
zeus_vulnerable,24: unchecked_low_calls; 43: unchecked_low_calls; 44: arithmetic;,0x3325439082FF8ba7371DFdAa1AF297bBfcAc21b2
zeus_vulnerable,81: unchecked_low_calls;,0x33A8eA1c8C6294C9F65f3DAd7CA7f037BD09F951
zeus_vulnerable,46: unchecked_low_calls;,0x43bbc7fafb860d974037b8f7dd06b6f6fe799b3e
zeus_vulnerable,82: arithmetic; 90: arithmetic; 97: arithmetic; 82: unchecked_low_calls;,0x566c1023aaF10180B4EB9533050fbf91D7792aF1
zeus_vulnerable,30: unchecked_low_calls; 36: unchecked_low_calls; 52: unchecked_low_calls;,0x5e84c1a6e8b7cd42041004de5cd911d537c5c007
zeus_vulnerable,30: unchecked_low_calls; 36: unchecked_low_calls; 63: unchecked_low_calls;,0x7894ccf2997c8c89a80b86faa012d09d53ed48b9
zeus_vulnerable,29: unchecked_low_calls; 37: unchecked_low_calls; 46: time_manipulation; 48: unchecked_low_calls;,0xD361e374bE9e3907FCEAC60c6EA5CbDcE89fC9ae
zeus_vulnerable,23: unchecked_low_calls; 29: unchecked_low_calls; 29: arithmetic;,0xe941e5d4a66123dc74886699544fbbb942f1887a
zeus_vulnerable,24: unchecked_low_calls; 34: unchecked_low_calls; 41: unchecked_low_calls; 47: unchecked_low_calls; 58: unchecked_low_calls; 54: arithmetic;,0xEE1a0710FcC892999D39A1710f2C16Dba1F28ae6
zeus_vulnerable,40: unchecked_low_calls;,0xfE3672Eff595CfD36eD05aaf4622d1Aec3B5E852
zeus_vulnerable,73: unchecked_low_calls; 91: unchecked_low_calls;,0x24ec083b6a022099003e3d035fed48b9a58296e5
zeus_vulnerable,62: unchecked_low_calls; 317: arithmetic;,0x2a3967d9b88c11612503d45411c7d07a13554250
zeus_vulnerable,73: arithmetic; 74: unchecked_low_calls; 346: time_manipulation;,0x446D1696a5527018453cdA3d67aa4C2cd189b9f6
zeus_vulnerable,32: unchecked_low_calls; 66: unchecked_low_calls; 56: unchecked_low_calls;,0xa502f8112b2491718855f01a01a60462cc97a0d5
zeus_vulnerable,33: unchecked_low_calls; 56: unchecked_low_calls; 66: unchecked_low_calls;,0xbb9854BFD082c48B4D426aC6A2a152B01326f46F
zeus_vulnerable,21: arithmetic; 65: unchecked_low_calls;,0x3ac26f27595effeb5e426bd093081ec30ebdd545
zeus_vulnerable,77: arithmetic;,0x498e950892260b0e9dfd5895d7501f340e92d263
zeus_vulnerable,73: arithmetic;,0xf9735dc96a98f68ac8fe6fccf1e7b9876ddb6b47
zeus_vulnerable,no;,0xff3216f86a723f2c23b03b5cd1f622eb1a204159
zeus_vulnerable,123: arithmetic;,0x3cf853facae392c3e4310ab805da30a1da508609
zeus_vulnerable,132: arithmetic;,0x4fd997ed7c10dbd04e95d3730cd77d79513076f2
zeus_vulnerable,134: arithmetic;,0x51dce38369b7d57d367fa1b738723a626f15b8ff
zeus_vulnerable,134: arithmetic;,0x5965c4ee0e04ab0aa480527b7c91be8deca47f9c
zeus_vulnerable,123: arithmetic; 133: arithmetic;,0x5e3741d9faa0f62660bdecdd3ac43c97c83a9881
zeus_vulnerable,134: arithmetic;,0x85169e1f0d8c2f27dd44f1cfbb81172dfeafe7c1
zeus_vulnerable,72: arithmetic;,0xdcf14a9cba1d5ee6d4671c20c559373f331910ea
zeus_vulnerable,109: arithmetic;,0x0b983fa1bcbdf24bdbfacb660faa76c586a16c64
zeus_vulnerable,133: arithmetic;,0x2a28cc275b458019910e3b8b8ee58f17eb6d38c8
zeus_vulnerable,123: arithmetic;,0x3aaa5474a09804b08120e6e33bfc433367ab238c
zeus_vulnerable,140: arithmetic;,0x5ae14c0101e0a40c709340592f1f1c052ef4ab92
zeus_vulnerable,134: arithmetic;,0x5ed5b9a13af4581524ebb7a0701bc4366d002289
zeus_vulnerable,134: arithmetic;,0x60b1bfaa999ab532df3ab804b43ed549a8636501
zeus_vulnerable,45: arithmetic; 42: time_manipulation;,0x9bf233b2f9eea51708c0b345f28fc621f83daa78
zeus_vulnerable,133: arithmetic;,0xaedde4941e7eac04f97be3a89af50a454d7c5f89
zeus_vulnerable,133: arithmetic;,0xaffd8d333badb2a6dfab4854c5a30ac2dbb9db9f
zeus_vulnerable,133: arithmetic; 144: arithmetic;,0xb2048d829482dbc9baf6951c28909e5c49686041
zeus_vulnerable,133: arithmetic; 144: arithmetic;,0xb9068705fbdc3b06c11763d2c260be682e6844ff
zeus_vulnerable,133: arithmetic; 144: arithmetic;,0xd3f3eb105daa3712eda7709f59ac0ec0d2d202b5
zeus_vulnerable,119: arithmetic;,0xe1e8eabd8fcf08ed50ae1f2ed4710c1a1f38542c
zeus_vulnerable,119: arithmetic; 130: arithmetic;,0xe3c61a3bff7cb03ddd422258006fddd5ba1ed0fe
zeus_vulnerable,118: arithmetic;,0x022de2e28a61f9d197f8966dd0fc8f7ddf70f2dc
zeus_vulnerable,117: arithmetic;,0xb78e82956b6037e13b83c287aa9047f748c0f55a
zeus_vulnerable,no;,0x6e01ee36b522a824609b7f7dfb5e4aa8fbb48934
zeus_vulnerable,22: arithmetic;,0x142eba6cd4e1977fba4a440c882ee460654d1766
zeus_vulnerable,no;,0x1654d540616bfb3f13973ed6019e43005be43219
zeus_vulnerable,118: arithmetic;,0x1b27996479b11abc8a8d0447deb3fb0183788484
zeus_vulnerable,no;,0x4c24fd04063e8b1c881e5ec0f46208d66d010c64
zeus_vulnerable,111: arithmetic;,0x5d39fcebe89ab0397947881539fd6dc7d99c6a87
zeus_vulnerable,117: arithmetic;,0x60f0ee673e413e1c134d1497eeecce8ddd2fdd74
zeus_vulnerable,no;,0x693399aae96a88b966b05394774cfb7b880355b4
zeus_vulnerable,85: unchecked_low_calls;,0x81a47e985b7a133728e97efc7f9ec3654b6e73f0
zeus_vulnerable,107: arithmetic; 117: arithmetic;,0x8b807cf49ca593c4678811211df2992e64f2f3ef
zeus_vulnerable,no;,0x911d71eed45dbc20059004f8476fe149105bf1dc
zeus_vulnerable,36: arithmetic;,0x9c794584b2f482653937b529647924606446e7f4
zeus_vulnerable,no;,0xabcdd0dbc5ba15804f5de963bd60491e48c3ef0b
zeus_vulnerable,no;,0xbFb0Cfd13dbB56c2dbf69EAe33255f0EF1fC7955
zeus_vulnerable,44: arithmetic; 53: time_manipulation; 58: time_manipulation;,0xf2b8e10e7b230cc55040a7a90be75c933719c507
zeus_vulnerable,no;,0x949bEd886c739f1A3273629b3320db0C5024c719
zeus_vulnerable,54: arithmetic;,0xD8912C10681D8B21Fd3742244f44658dBA12264E
zeus_vulnerable,no;,0xf77089f2F00fca83501705b711Cbb10a0De77628
zeus_vulnerable,no;,0x89d64bc7e46bdc49a89652ae9bb167418cbad62e
zeus_vulnerable,no;,0xd9f7cd813983bd89d18015cc3022f7b9b97d26d4
zeus_vulnerable,70: arithmetic;,0x384e762dAd922B22a0d06f4D1229582473D2DEe6
zeus_vulnerable,no;,0xdda65daa223aaae4add64e4e390cda7101c4ab41
zeus_vulnerable,70: reentrancy;,0x9053d234a1ff2290f087a1ca9460e3263121e580
zeus_vulnerable,no;,0x6ff323e36bfdb20502b23780695f4e77e36cde95
zeus_vulnerable,no;,0xE197529709D7cBaf31756C6d9B8742718E17FCA5
zeus_vulnerable,47: reentrancy; 48: reentrancy; 55: reentrancy; 64: reentrancy;,0x35bd607db942fe1f10ce12b309e3a67e16660fe1
zeus_vulnerable,69: reentrancy;,0x33098a5e8f5e932831434748cdad425487b9aaf1
zeus_vulnerable,112: reentrancy; 125: reentrancy;,0x45d147c800d401350b24fc1cd5fbc98040b177c8
zeus_vulnerable,196: reentrancy;,0xaf0f6a53269fc9dbbd9da9f11c368d36b7a60006
zeus_vulnerable,16: unchecked_low_calls; 22: unchecked_low_calls; 23: unchecked_low_calls;,0xc8d9890df1ff2e87be05e9edab3cca26f054b611
zeus_vulnerable,16: unchecked_low_calls; 22: unchecked_low_calls; 23: unchecked_low_calls;,0x5f0d0c4c159970fda5adc93a6b7f17706fd3255c
zeus_vulnerable,49: arithmetic;,0x80f1f62b8b365c5326100d462d8570771b8d0e57
zeus_vulnerable,49: arithmetic;,0x08d698358b31ca6926e329879db9525504802abf
zeus_vulnerable,11: unchecked_low_calls; 22: unchecked_low_calls; 23: unchecked_low_calls;,0xc5B2508E878af367Ba4957BDBEb2bBc6DA5BB349
zeus_vulnerable,21: unchecked_low_calls; 31: unchecked_low_calls;,0x845f74aac51148bdd4ef6aed29822940c025a3a2
zeus_vulnerable,75: unchecked_low_calls; 85: unchecked_low_calls;,0xc9c1bfb27e97531ecfe005faa2b2ed4828b08a0b
zeus_vulnerable,51: unchecked_low_calls; 56: unchecked_low_calls; 66: unchecked_low_calls; 69: unchecked_low_calls; 70: unchecked_low_calls; 73: unchecked_low_calls; 74: unchecked_low_calls; 75: unchecked_low_calls; 91: arithmetic; 144: unchecked_low_calls; 181: unchecked_low_calls; 187: unchecked_low_calls; 194: unchecked_low_calls; 201: unchecked_low_calls;,0x7996d791995B9f9C15EB4C3e899B09a344c54Bdb
zeus_vulnerable,75: unchecked_low_calls;,0xc726aC92955Fc07ad09C5AF4827418f581E37017
zeus_vulnerable,168: unchecked_low_calls; 225: unchecked_low_calls; 232: unchecked_low_calls; 264: unchecked_low_calls; 290: unchecked_low_calls; 295: unchecked_low_calls; 420: unchecked_low_calls;,0xf4cae4aec9b4d7682f8cee4d9a273ba063e71366
zeus_vulnerable,54: unchecked_low_calls; 59: unchecked_low_calls; 69: unchecked_low_calls; 72: unchecked_low_calls; 73: unchecked_low_calls; 76: unchecked_low_calls; 77: unchecked_low_calls; 78: unchecked_low_calls; 110: unchecked_low_calls; 141: unchecked_low_calls; 143: unchecked_low_calls; 147: unchecked_low_calls; 160: unchecked_low_calls; 164: unchecked_low_calls; 181: unchecked_low_calls; 198: unchecked_low_calls; 204: unchecked_low_calls; 221: unchecked_low_calls; 218: unchecked_low_calls;,0x9F8Bf604AbeB04D32B0FFAE9c3A083be5858CF96
zeus_vulnerable,51: unchecked_low_calls; 56: unchecked_low_calls; 66: unchecked_low_calls; 69: unchecked_low_calls; 70: unchecked_low_calls; 73: unchecked_low_calls; 74: unchecked_low_calls; 75: unchecked_low_calls; 132: unchecked_low_calls; 134: unchecked_low_calls; 138: unchecked_low_calls; 151: unchecked_low_calls; 155: unchecked_low_calls; 172: unchecked_low_calls; 189: unchecked_low_calls; 195: unchecked_low_calls; 202: unchecked_low_calls; 209: unchecked_low_calls;,0x9497043f4CD9450867479f3Fd873d80d9321094C
zeus_vulnerable,15: unchecked_low_calls;,0x39aa4006ee5941c0c0e41b924fdafcb2c4c918e8
zeus_vulnerable,20: unchecked_low_calls; 21: unchecked_low_calls;,0x56705bc85a98853ee2df3834d2b3079cdfed87d8
zeus_vulnerable,20: unchecked_low_calls; 21: unchecked_low_calls;,0x160fc84c8c5d46561b01d38eb7d44671f3eed4ca
zeus_vulnerable,34: time_manipulation; 44: time_manipulation;,0x9828f591b21ee4ad4fd803fc7339588cb83a6b84
zeus_vulnerable,172: bad_randomness;,0xba2f1399df21c75ce578630ff9ed9285b2146b8d
zeus_vulnerable,84: arithmetic;,0xab7c49a95ba2f8c1ad95d18c8541cba650870618
zeus_vulnerable,56: arithmetic; 63: arithmetic;,0x93c9cce56a35a5bba00501a8dcd6ea1392ff3dfd
zeus_vulnerable,28: time_manipulation; 36: unchecked_low_calls;,0x450dc30a8b1a26e3e5ba6102216276b9c77716bc
zeus_vulnerable,107: time_manipulation; 114: unchecked_low_calls; 118: unchecked_low_calls;,0x9220d625bd6bea95c865b3c4faf273bfbd6bc48a
zeus_vulnerable,75: arithmetic; 84: arithmetic;,0x5088c2985210925d15ea470a160fc08b352818d0
zeus_vulnerable,84: arithmetic;,0x2e1cff135ca6bbc0012a01fa246a0a39aeb10d2d
zeus_vulnerable,27: bad_randomness;,0x80ddae5251047d6ceb29765f38fed1c0013004b7
zeus_vulnerable,263: time_manipulation;,0xb10ba7b334d3bd1b2110ba00bca39696b6df406d
zeus_vulnerable,263: time_manipulation;,0xdc895e94a0d5ad974af1b5729b10aa9cb7e58843
zeus_vulnerable,232: time_manipulation;,0x32bacc8b241fb172fee18bda32527126c6f3c5f7
zeus_vulnerable,61: denial_service; 264: time_manipulation;,0x2AbF00B596f4cB10384654DCD76253B3140d35Ff
zeus_vulnerable,58: denial_service; 260: time_manipulation;,0x50f54ed2cafd4b7245e60557a6b56d9ac9193025
zeus_vulnerable,111: denial_service; 292: time_manipulation;,0x91efffb9c6cd3a66474688d0a48aa6ecfe515aa5
zeus_vulnerable,41: unchecked_low_calls;,0x872b91913dc7279702b7591c970b02519c4615cf
zeus_vulnerable,51: bad_randomness;,0x4ed65e408439a7f6459b5cfbd364f373bd6ed5f7
zeus_vulnerable,6: time_manipulation; 6: bad_randomness; 17: front_running;,0xaed5a41450b38fc0ea0f6f203a985653fe187d9c
zeus_vulnerable,6: bad_randomness; 6: time_manipulation;,0x655f01313bb55c04e8ed36a5098984f3f3de57bc
zeus_safe,52: arithmetic;,0xb20bb2780a6ae9e399e805ce4f60321245f7a0db
zeus_safe,43: arithmetic;,0x8af7243f9a173ad8ca6c8a3a053f0182c5352d15
zeus_safe,69: arithmetic; 70: arithmetic;,0xff95FBB77852C846724CE4Fa140Ca25f31A90bb0
zeus_safe,125: unchecked_low_calls;,0x6439e643dc316ac4108ebdc6c364a65994b6b1ff
zeus_safe,82: arithmetic;,0x43d0111ec0584381077a598a1cc5c1fc72722e6c
zeus_safe,46: arithmetic;,0x6aC85d0408044AfB786a6d631d4D3426Ce0E031a
zeus_safe,75: unchecked_low_calls;,0xc9c1bfb27e97531ecfe005faa2b2ed4828b08a0b
zeus_safe,72: unchecked_low_calls;,0x4c465715e56f95cc9623144d1378bdd044dd3e1e
zeus_safe,92: time_manipulation;,0x460dc8b70a189bee176d22d3f0272d171bd4c5ed
zeus_safe,91: time_manipulation;,0xb4e7fc7f59c2ec07aee08c46241d7b47de4cec06
zeus_safe,92: time_manipulation;,0x9047ef7c3d52956dd0909c1c1e011e986ce60691
zeus_safe,56: arithmetic;,0xe8200511F3C276fA7300719f9B45301Bc471f4fB
zeus_safe,37: unchecked_low_calls; 71: unchecked_low_calls;,0xe2e4d0d3410cd3e81bfcb7dad364dd168bb499f3
zeus_safe,40: arithmetic;,0x111cc94a5dabdf192c5106fadc844a98b0f56be0
zeus_safe,36: arithmetic; 60: arithmetic; 61: arithmetic;,0xc3ef562cc403c8f9edf7c3826655fbf50f4ddde8
zeus_safe,64: arithmetic;,0x5c40ef6f527f4fba68368774e6130ce6515123f2
zeus_safe,35: unchecked_low_calls;,0x50cb0011a52a8415deae370301d78369e6089fa2
zeus_safe,17: unchecked_low_calls;,0xfd39bd49ab3df4eda75a23807dab186d4902f924
zeus_safe,35: unchecked_low_calls;,0x0e08f0daee46e772eee7999c5b6d7d0401d8d72b
zeus_safe,7: unchecked_low_calls;,0x629469c8db3a4d7bcc3a823effcf8900119ba7e7
zeus_safe,15: unchecked_low_calls;,0x7f9af66163461009e9a4c57f6d3c6421bc47a663
zeus_safe,132: arithmetic;,0xf53E7f01371C6fc0E1c821d3c3C8b30Be366BB6E
zeus_safe,54: arithmetic;,0x90aa6fb2c2ab2c9e3fd5634c054d636c708cd5f3
zeus_safe,93: arithmetic;,0x3B6d241e1b38776C2eFE944E7012239ed59334c1
zeus_safe,34: arithmetic;,0x5Bc7e5694ee5D6ea32A0dA36EFb56A177190A53a
zeus_safe,15: unchecked_low_calls;,0x39aa4006ee5941c0c0e41b924fdafcb2c4c918e8
zeus_safe,46: unchecked_low_calls;,0x75f398D5B9E92D17EE307268c28779DA26508F54
zeus_safe,70: unchecked_low_calls;,0xa3d4d7df3988d48c48728787cb5910a8a4cc4d26
zeus_safe,418: unchecked_low_calls; 430: unchecked_low_calls;,0x91efffb9c6cd3a66474688d0a48aa6ecfe515aa5
zeus_safe,34: arithmetic;,0x0f170120733474c6ec7daf6ae6aeeeb8b645e92c
zeus_safe,38: unchecked_low_calls;,0x4671ebe586199456ca28ac050cc9473cbac829eb
zeus_safe,16: unchecked_low_calls;,0xd39fe1cffd8f070429169b416b7e07f486d553cf
zeus_safe,22: unchecked_low_calls;,0x6abd2b75ff5f306a4d99bfab1ff84b57bb9d23e7
zeus_safe,38: unchecked_low_calls;,0x9674e9123caf1f74d7f2b8c6823734891c0573d7
zeus_safe,21: unchecked_low_calls;,0x993bbc77c48ca648659129602dd507a96bc5b561
zeus_safe,17: unchecked_low_calls;,0x9c9dc2b707a99ae4b6795538ac6bf4f6d4842830
zeus_safe,15: unchecked_low_calls;,0xa43ebd8939d8328f5858119a3fb65f65c864c6dd
zeus_safe,34: unchecked_low_calls;,0xf1aa63ad7a897ca02cab6021513ee0a86820153e
zeus_safe,17: unchecked_low_calls;,0x260972db3571a4297b9e0cfa237eabbc9c6e35ce
zeus_safe,21: unchecked_low_calls;,0xd1c37dffd4ef36867c5bd7e59566358ea3d21e63
zeus_safe,22: unchecked_low_calls;,0xf9e03d5e3d86277574cfd5f7e842f213cf88945f
zeus_safe,31: unchecked_low_calls;,0x5f5d7147adb6ed31a2ca03ce3defb070a3be0ebb
zeus_safe,15: unchecked_low_calls; 20: unchecked_low_calls;,0x66943100bf0464c1ec43b957a5f72fe2d67a3678
zeus_safe,7: access_control;,0xe601d4981FA105fEC023622bddE3f07C774b421F
zeus_safe,18: unchecked_low_calls;,0x1c94f41ab9cd8faa8af45ae7827bf5a8f891f4cd
zeus_safe,16: unchecked_low_calls;,0x0318179601a70085aeb488f178b081295b65ecc9
zeus_safe,13: unchecked_low_calls;,0x22F83d39A2148dD389ED4C7A9280f57D5c8679DA
zeus_safe,15: unchecked_low_calls;,0xa9659531a174390b6921ffd540365bbb02297f10
